algorithm,tier,message_size,operation,sample,peak_python_heap_bytes,current_python_heap_bytes
Ascon-AEAD128,pure-python,32,encrypt,1,1651,456
Ascon-AEAD128,pure-python,32,encrypt,2,1651,456
Ascon-AEAD128,pure-python,32,encrypt,3,1651,456
Ascon-AEAD128,pure-python,32,encrypt,4,1651,456
Ascon-AEAD128,pure-python,32,encrypt,5,1651,456
Ascon-AEAD128,pure-python,32,encrypt,6,1651,456
Ascon-AEAD128,pure-python,32,encrypt,7,1651,456
Ascon-AEAD128,pure-python,32,encrypt,8,1651,456
Ascon-AEAD128,pure-python,32,encrypt,9,1651,456
Ascon-AEAD128,pure-python,32,encrypt,10,1651,456
Ascon-AEAD128,pure-python,32,decrypt,1,1851,512
Ascon-AEAD128,pure-python,32,decrypt,2,1851,512
Ascon-AEAD128,pure-python,32,decrypt,3,1851,512
Ascon-AEAD128,pure-python,32,decrypt,4,1851,512
Ascon-AEAD128,pure-python,32,decrypt,5,1851,512
Ascon-AEAD128,pure-python,32,decrypt,6,1851,512
Ascon-AEAD128,pure-python,32,decrypt,7,1851,512
Ascon-AEAD128,pure-python,32,decrypt,8,1851,512
Ascon-AEAD128,pure-python,32,decrypt,9,1851,512
Ascon-AEAD128,pure-python,32,decrypt,10,1851,512
Ascon-AEAD128,pure-python,64,encrypt,1,1711,456
Ascon-AEAD128,pure-python,64,encrypt,2,1711,456
Ascon-AEAD128,pure-python,64,encrypt,3,1711,456
Ascon-AEAD128,pure-python,64,encrypt,4,1711,456
Ascon-AEAD128,pure-python,64,encrypt,5,1711,456
Ascon-AEAD128,pure-python,64,encrypt,6,1711,456
Ascon-AEAD128,pure-python,64,encrypt,7,1711,456
Ascon-AEAD128,pure-python,64,encrypt,8,1711,456
Ascon-AEAD128,pure-python,64,encrypt,9,1711,456
Ascon-AEAD128,pure-python,64,encrypt,10,1711,456
Ascon-AEAD128,pure-python,64,decrypt,1,1943,512
Ascon-AEAD128,pure-python,64,decrypt,2,1943,512
Ascon-AEAD128,pure-python,64,decrypt,3,1943,512
Ascon-AEAD128,pure-python,64,decrypt,4,1943,512
Ascon-AEAD128,pure-python,64,decrypt,5,1943,512
Ascon-AEAD128,pure-python,64,decrypt,6,1943,512
Ascon-AEAD128,pure-python,64,decrypt,7,1943,512
Ascon-AEAD128,pure-python,64,decrypt,8,1943,512
Ascon-AEAD128,pure-python,64,decrypt,9,1943,512
Ascon-AEAD128,pure-python,64,decrypt,10,1943,512
Ascon-AEAD128,pure-python,128,encrypt,1,1843,456
Ascon-AEAD128,pure-python,128,encrypt,2,1843,456
Ascon-AEAD128,pure-python,128,encrypt,3,1843,456
Ascon-AEAD128,pure-python,128,encrypt,4,1843,456
Ascon-AEAD128,pure-python,128,encrypt,5,1843,456
Ascon-AEAD128,pure-python,128,encrypt,6,1843,456
Ascon-AEAD128,pure-python,128,encrypt,7,1843,456
Ascon-AEAD128,pure-python,128,encrypt,8,1843,456
Ascon-AEAD128,pure-python,128,encrypt,9,1843,456
Ascon-AEAD128,pure-python,128,encrypt,10,1843,456
Ascon-AEAD128,pure-python,128,decrypt,1,2139,512
Ascon-AEAD128,pure-python,128,decrypt,2,2139,512
Ascon-AEAD128,pure-python,128,decrypt,3,2139,512
Ascon-AEAD128,pure-python,128,decrypt,4,2139,512
Ascon-AEAD128,pure-python,128,decrypt,5,2139,512
Ascon-AEAD128,pure-python,128,decrypt,6,2139,512
Ascon-AEAD128,pure-python,128,decrypt,7,2139,512
Ascon-AEAD128,pure-python,128,decrypt,8,2139,512
Ascon-AEAD128,pure-python,128,decrypt,9,2139,512
Ascon-AEAD128,pure-python,128,decrypt,10,2139,512
Ascon-AEAD128,pure-python,256,encrypt,1,2099,456
Ascon-AEAD128,pure-python,256,encrypt,2,2099,456
Ascon-AEAD128,pure-python,256,encrypt,3,2099,456
Ascon-AEAD128,pure-python,256,encrypt,4,2099,456
Ascon-AEAD128,pure-python,256,encrypt,5,2099,456
Ascon-AEAD128,pure-python,256,encrypt,6,2099,456
Ascon-AEAD128,pure-python,256,encrypt,7,2099,456
Ascon-AEAD128,pure-python,256,encrypt,8,2099,456
Ascon-AEAD128,pure-python,256,encrypt,9,2099,456
Ascon-AEAD128,pure-python,256,encrypt,10,2099,456
Ascon-AEAD128,pure-python,256,decrypt,1,2523,512
Ascon-AEAD128,pure-python,256,decrypt,2,2523,512
Ascon-AEAD128,pure-python,256,decrypt,3,2523,512
Ascon-AEAD128,pure-python,256,decrypt,4,2523,512
Ascon-AEAD128,pure-python,256,decrypt,5,2523,512
Ascon-AEAD128,pure-python,256,decrypt,6,2523,512
Ascon-AEAD128,pure-python,256,decrypt,7,2523,512
Ascon-AEAD128,pure-python,256,decrypt,8,2523,512
Ascon-AEAD128,pure-python,256,decrypt,9,2523,512
Ascon-AEAD128,pure-python,256,decrypt,10,2523,512
Ascon-AEAD128,pure-python,512,encrypt,1,2643,456
Ascon-AEAD128,pure-python,512,encrypt,2,2643,456
Ascon-AEAD128,pure-python,512,encrypt,3,2643,456
Ascon-AEAD128,pure-python,512,encrypt,4,2643,456
Ascon-AEAD128,pure-python,512,encrypt,5,2643,456
Ascon-AEAD128,pure-python,512,encrypt,6,2643,456
Ascon-AEAD128,pure-python,512,encrypt,7,2643,456
Ascon-AEAD128,pure-python,512,encrypt,8,2643,456
Ascon-AEAD128,pure-python,512,encrypt,9,2643,456
Ascon-AEAD128,pure-python,512,encrypt,10,2643,456
Ascon-AEAD128,pure-python,512,decrypt,1,3323,512
Ascon-AEAD128,pure-python,512,decrypt,2,3323,512
Ascon-AEAD128,pure-python,512,decrypt,3,3323,512
Ascon-AEAD128,pure-python,512,decrypt,4,3323,512
Ascon-AEAD128,pure-python,512,decrypt,5,3323,512
Ascon-AEAD128,pure-python,512,decrypt,6,3323,512
Ascon-AEAD128,pure-python,512,decrypt,7,3323,512
Ascon-AEAD128,pure-python,512,decrypt,8,3323,512
Ascon-AEAD128,pure-python,512,decrypt,9,3323,512
Ascon-AEAD128,pure-python,512,decrypt,10,3323,512
Ascon-AEAD128,pure-python,1024,encrypt,1,3977,456
Ascon-AEAD128,pure-python,1024,encrypt,2,3977,456
Ascon-AEAD128,pure-python,1024,encrypt,3,3977,456
Ascon-AEAD128,pure-python,1024,encrypt,4,3977,456
Ascon-AEAD128,pure-python,1024,encrypt,5,3977,456
Ascon-AEAD128,pure-python,1024,encrypt,6,3977,456
Ascon-AEAD128,pure-python,1024,encrypt,7,3977,456
Ascon-AEAD128,pure-python,1024,encrypt,8,3977,456
Ascon-AEAD128,pure-python,1024,encrypt,9,3977,456
Ascon-AEAD128,pure-python,1024,encrypt,10,3977,456
Ascon-AEAD128,pure-python,1024,decrypt,1,5169,512
Ascon-AEAD128,pure-python,1024,decrypt,2,5169,512
Ascon-AEAD128,pure-python,1024,decrypt,3,5169,512
Ascon-AEAD128,pure-python,1024,decrypt,4,5169,512
Ascon-AEAD128,pure-python,1024,decrypt,5,5169,512
Ascon-AEAD128,pure-python,1024,decrypt,6,5169,512
Ascon-AEAD128,pure-python,1024,decrypt,7,5169,512
Ascon-AEAD128,pure-python,1024,decrypt,8,5169,512
Ascon-AEAD128,pure-python,1024,decrypt,9,5169,512
Ascon-AEAD128,pure-python,1024,decrypt,10,5169,512
Ascon-AEAD128,pure-python,2048,encrypt,1,7049,456
Ascon-AEAD128,pure-python,2048,encrypt,2,7049,456
Ascon-AEAD128,pure-python,2048,encrypt,3,7049,456
Ascon-AEAD128,pure-python,2048,encrypt,4,7049,456
Ascon-AEAD128,pure-python,2048,encrypt,5,7049,456
Ascon-AEAD128,pure-python,2048,encrypt,6,7049,456
Ascon-AEAD128,pure-python,2048,encrypt,7,7049,456
Ascon-AEAD128,pure-python,2048,encrypt,8,7049,456
Ascon-AEAD128,pure-python,2048,encrypt,9,7049,456
Ascon-AEAD128,pure-python,2048,encrypt,10,7049,456
Ascon-AEAD128,pure-python,2048,decrypt,1,9265,512
Ascon-AEAD128,pure-python,2048,decrypt,2,9265,512
Ascon-AEAD128,pure-python,2048,decrypt,3,9265,512
Ascon-AEAD128,pure-python,2048,decrypt,4,9265,512
Ascon-AEAD128,pure-python,2048,decrypt,5,9265,512
Ascon-AEAD128,pure-python,2048,decrypt,6,9265,512
Ascon-AEAD128,pure-python,2048,decrypt,7,9265,512
Ascon-AEAD128,pure-python,2048,decrypt,8,9265,512
Ascon-AEAD128,pure-python,2048,decrypt,9,9265,512
Ascon-AEAD128,pure-python,2048,decrypt,10,9265,512
Ascon-AEAD128,pure-python,4096,encrypt,1,13193,456
Ascon-AEAD128,pure-python,4096,encrypt,2,13193,456
Ascon-AEAD128,pure-python,4096,encrypt,3,13193,456
Ascon-AEAD128,pure-python,4096,encrypt,4,13193,456
Ascon-AEAD128,pure-python,4096,encrypt,5,13193,456
Ascon-AEAD128,pure-python,4096,encrypt,6,13193,456
Ascon-AEAD128,pure-python,4096,encrypt,7,13193,456
Ascon-AEAD128,pure-python,4096,encrypt,8,13193,456
Ascon-AEAD128,pure-python,4096,encrypt,9,13193,456
Ascon-AEAD128,pure-python,4096,encrypt,10,13193,456
Ascon-AEAD128,pure-python,4096,decrypt,1,17457,512
Ascon-AEAD128,pure-python,4096,decrypt,2,17457,512
Ascon-AEAD128,pure-python,4096,decrypt,3,17457,512
Ascon-AEAD128,pure-python,4096,decrypt,4,17457,512
Ascon-AEAD128,pure-python,4096,decrypt,5,17457,512
Ascon-AEAD128,pure-python,4096,decrypt,6,17457,512
Ascon-AEAD128,pure-python,4096,decrypt,7,17457,512
Ascon-AEAD128,pure-python,4096,decrypt,8,17457,512
Ascon-AEAD128,pure-python,4096,decrypt,9,17457,512
Ascon-AEAD128,pure-python,4096,decrypt,10,17457,512
TinyJAMBU-128,pure-python,32,encrypt,1,1275,288
TinyJAMBU-128,pure-python,32,encrypt,2,1275,288
TinyJAMBU-128,pure-python,32,encrypt,3,1275,288
TinyJAMBU-128,pure-python,32,encrypt,4,1275,288
TinyJAMBU-128,pure-python,32,encrypt,5,1275,288
TinyJAMBU-128,pure-python,32,encrypt,6,1275,288
TinyJAMBU-128,pure-python,32,encrypt,7,1275,288
TinyJAMBU-128,pure-python,32,encrypt,8,1275,288
TinyJAMBU-128,pure-python,32,encrypt,9,1275,288
TinyJAMBU-128,pure-python,32,encrypt,10,1275,288
TinyJAMBU-128,pure-python,32,decrypt,1,1359,288
TinyJAMBU-128,pure-python,32,decrypt,2,1359,288
TinyJAMBU-128,pure-python,32,decrypt,3,1359,288
TinyJAMBU-128,pure-python,32,decrypt,4,1359,288
TinyJAMBU-128,pure-python,32,decrypt,5,1359,288
TinyJAMBU-128,pure-python,32,decrypt,6,1359,288
TinyJAMBU-128,pure-python,32,decrypt,7,1359,288
TinyJAMBU-128,pure-python,32,decrypt,8,1359,288
TinyJAMBU-128,pure-python,32,decrypt,9,1359,288
TinyJAMBU-128,pure-python,32,decrypt,10,1359,288
TinyJAMBU-128,pure-python,64,encrypt,1,1348,288
TinyJAMBU-128,pure-python,64,encrypt,2,1348,288
TinyJAMBU-128,pure-python,64,encrypt,3,1348,288
TinyJAMBU-128,pure-python,64,encrypt,4,1348,288
TinyJAMBU-128,pure-python,64,encrypt,5,1348,288
TinyJAMBU-128,pure-python,64,encrypt,6,1348,288
TinyJAMBU-128,pure-python,64,encrypt,7,1348,288
TinyJAMBU-128,pure-python,64,encrypt,8,1348,288
TinyJAMBU-128,pure-python,64,encrypt,9,1348,288
TinyJAMBU-128,pure-python,64,encrypt,10,1348,288
TinyJAMBU-128,pure-python,64,decrypt,1,1421,288
TinyJAMBU-128,pure-python,64,decrypt,2,1421,288
TinyJAMBU-128,pure-python,64,decrypt,3,1421,288
TinyJAMBU-128,pure-python,64,decrypt,4,1421,288
TinyJAMBU-128,pure-python,64,decrypt,5,1421,288
TinyJAMBU-128,pure-python,64,decrypt,6,1421,288
TinyJAMBU-128,pure-python,64,decrypt,7,1421,288
TinyJAMBU-128,pure-python,64,decrypt,8,1421,288
TinyJAMBU-128,pure-python,64,decrypt,9,1421,288
TinyJAMBU-128,pure-python,64,decrypt,10,1421,288
TinyJAMBU-128,pure-python,128,encrypt,1,1470,288
TinyJAMBU-128,pure-python,128,encrypt,2,1470,288
TinyJAMBU-128,pure-python,128,encrypt,3,1470,288
TinyJAMBU-128,pure-python,128,encrypt,4,1470,288
TinyJAMBU-128,pure-python,128,encrypt,5,1470,288
TinyJAMBU-128,pure-python,128,encrypt,6,1470,288
TinyJAMBU-128,pure-python,128,encrypt,7,1470,288
TinyJAMBU-128,pure-python,128,encrypt,8,1470,288
TinyJAMBU-128,pure-python,128,encrypt,9,1470,288
TinyJAMBU-128,pure-python,128,encrypt,10,1470,288
TinyJAMBU-128,pure-python,128,decrypt,1,1554,288
TinyJAMBU-128,pure-python,128,decrypt,2,1554,288
TinyJAMBU-128,pure-python,128,decrypt,3,1554,288
TinyJAMBU-128,pure-python,128,decrypt,4,1554,288
TinyJAMBU-128,pure-python,128,decrypt,5,1554,288
TinyJAMBU-128,pure-python,128,decrypt,6,1554,288
TinyJAMBU-128,pure-python,128,decrypt,7,1554,288
TinyJAMBU-128,pure-python,128,decrypt,8,1554,288
TinyJAMBU-128,pure-python,128,decrypt,9,1554,288
TinyJAMBU-128,pure-python,128,decrypt,10,1554,288
TinyJAMBU-128,pure-python,256,encrypt,1,1756,288
TinyJAMBU-128,pure-python,256,encrypt,2,1756,288
TinyJAMBU-128,pure-python,256,encrypt,3,1756,288
TinyJAMBU-128,pure-python,256,encrypt,4,1756,288
TinyJAMBU-128,pure-python,256,encrypt,5,1756,288
TinyJAMBU-128,pure-python,256,encrypt,6,1756,288
TinyJAMBU-128,pure-python,256,encrypt,7,1756,288
TinyJAMBU-128,pure-python,256,encrypt,8,1756,288
TinyJAMBU-128,pure-python,256,encrypt,9,1756,288
TinyJAMBU-128,pure-python,256,encrypt,10,1756,288
TinyJAMBU-128,pure-python,256,decrypt,1,1825,288
TinyJAMBU-128,pure-python,256,decrypt,2,1825,288
TinyJAMBU-128,pure-python,256,decrypt,3,1825,288
TinyJAMBU-128,pure-python,256,decrypt,4,1825,288
TinyJAMBU-128,pure-python,256,decrypt,5,1825,288
TinyJAMBU-128,pure-python,256,decrypt,6,1825,288
TinyJAMBU-128,pure-python,256,decrypt,7,1825,288
TinyJAMBU-128,pure-python,256,decrypt,8,1825,288
TinyJAMBU-128,pure-python,256,decrypt,9,1825,288
TinyJAMBU-128,pure-python,256,decrypt,10,1825,288
TinyJAMBU-128,pure-python,512,encrypt,1,2412,288
TinyJAMBU-128,pure-python,512,encrypt,2,2412,288
TinyJAMBU-128,pure-python,512,encrypt,3,2412,288
TinyJAMBU-128,pure-python,512,encrypt,4,2412,288
TinyJAMBU-128,pure-python,512,encrypt,5,2412,288
TinyJAMBU-128,pure-python,512,encrypt,6,2412,288
TinyJAMBU-128,pure-python,512,encrypt,7,2412,288
TinyJAMBU-128,pure-python,512,encrypt,8,2412,288
TinyJAMBU-128,pure-python,512,encrypt,9,2412,288
TinyJAMBU-128,pure-python,512,encrypt,10,2412,288
TinyJAMBU-128,pure-python,512,decrypt,1,2428,288
TinyJAMBU-128,pure-python,512,decrypt,2,2428,288
TinyJAMBU-128,pure-python,512,decrypt,3,2428,288
TinyJAMBU-128,pure-python,512,decrypt,4,2428,288
TinyJAMBU-128,pure-python,512,decrypt,5,2428,288
TinyJAMBU-128,pure-python,512,decrypt,6,2428,288
TinyJAMBU-128,pure-python,512,decrypt,7,2428,288
TinyJAMBU-128,pure-python,512,decrypt,8,2428,288
TinyJAMBU-128,pure-python,512,decrypt,9,2428,288
TinyJAMBU-128,pure-python,512,decrypt,10,2428,288
TinyJAMBU-128,pure-python,1024,encrypt,1,3945,288
TinyJAMBU-128,pure-python,1024,encrypt,2,3945,288
TinyJAMBU-128,pure-python,1024,encrypt,3,3945,288
TinyJAMBU-128,pure-python,1024,encrypt,4,3945,288
TinyJAMBU-128,pure-python,1024,encrypt,5,3945,288
TinyJAMBU-128,pure-python,1024,encrypt,6,3945,288
TinyJAMBU-128,pure-python,1024,encrypt,7,3945,288
TinyJAMBU-128,pure-python,1024,encrypt,8,3945,288
TinyJAMBU-128,pure-python,1024,encrypt,9,3945,288
TinyJAMBU-128,pure-python,1024,encrypt,10,3945,288
TinyJAMBU-128,pure-python,1024,decrypt,1,3965,288
TinyJAMBU-128,pure-python,1024,decrypt,2,3965,288
TinyJAMBU-128,pure-python,1024,decrypt,3,3965,288
TinyJAMBU-128,pure-python,1024,decrypt,4,3965,288
TinyJAMBU-128,pure-python,1024,decrypt,5,3965,288
TinyJAMBU-128,pure-python,1024,decrypt,6,3965,288
TinyJAMBU-128,pure-python,1024,decrypt,7,3965,288
TinyJAMBU-128,pure-python,1024,decrypt,8,3965,288
TinyJAMBU-128,pure-python,1024,decrypt,9,3965,288
TinyJAMBU-128,pure-python,1024,decrypt,10,3965,288
TinyJAMBU-128,pure-python,2048,encrypt,1,7231,288
TinyJAMBU-128,pure-python,2048,encrypt,2,7231,288
TinyJAMBU-128,pure-python,2048,encrypt,3,7231,288
TinyJAMBU-128,pure-python,2048,encrypt,4,7231,288
TinyJAMBU-128,pure-python,2048,encrypt,5,7231,288
TinyJAMBU-128,pure-python,2048,encrypt,6,7231,288
TinyJAMBU-128,pure-python,2048,encrypt,7,7231,288
TinyJAMBU-128,pure-python,2048,encrypt,8,7231,288
TinyJAMBU-128,pure-python,2048,encrypt,9,7231,288
TinyJAMBU-128,pure-python,2048,encrypt,10,7231,288
TinyJAMBU-128,pure-python,2048,decrypt,1,7255,288
TinyJAMBU-128,pure-python,2048,decrypt,2,7255,288
TinyJAMBU-128,pure-python,2048,decrypt,3,7255,288
TinyJAMBU-128,pure-python,2048,decrypt,4,7255,288
TinyJAMBU-128,pure-python,2048,decrypt,5,7255,288
TinyJAMBU-128,pure-python,2048,decrypt,6,7255,288
TinyJAMBU-128,pure-python,2048,decrypt,7,7255,288
TinyJAMBU-128,pure-python,2048,decrypt,8,7255,288
TinyJAMBU-128,pure-python,2048,decrypt,9,7255,288
TinyJAMBU-128,pure-python,2048,decrypt,10,7255,288
TinyJAMBU-128,pure-python,4096,encrypt,1,13181,288
TinyJAMBU-128,pure-python,4096,encrypt,2,13181,288
TinyJAMBU-128,pure-python,4096,encrypt,3,13181,288
TinyJAMBU-128,pure-python,4096,encrypt,4,13181,288
TinyJAMBU-128,pure-python,4096,encrypt,5,13181,288
TinyJAMBU-128,pure-python,4096,encrypt,6,13181,288
TinyJAMBU-128,pure-python,4096,encrypt,7,13181,288
TinyJAMBU-128,pure-python,4096,encrypt,8,13181,288
TinyJAMBU-128,pure-python,4096,encrypt,9,13181,288
TinyJAMBU-128,pure-python,4096,encrypt,10,13181,288
TinyJAMBU-128,pure-python,4096,decrypt,1,13205,288
TinyJAMBU-128,pure-python,4096,decrypt,2,13205,288
TinyJAMBU-128,pure-python,4096,decrypt,3,13205,288
TinyJAMBU-128,pure-python,4096,decrypt,4,13205,288
TinyJAMBU-128,pure-python,4096,decrypt,5,13205,288
TinyJAMBU-128,pure-python,4096,decrypt,6,13205,288
TinyJAMBU-128,pure-python,4096,decrypt,7,13205,288
TinyJAMBU-128,pure-python,4096,decrypt,8,13205,288
TinyJAMBU-128,pure-python,4096,decrypt,9,13205,288
TinyJAMBU-128,pure-python,4096,decrypt,10,13205,288
Xoodyak,pure-python,32,encrypt,1,3017,776
Xoodyak,pure-python,32,encrypt,2,3017,776
Xoodyak,pure-python,32,encrypt,3,3017,776
Xoodyak,pure-python,32,encrypt,4,3017,776
Xoodyak,pure-python,32,encrypt,5,3017,776
Xoodyak,pure-python,32,encrypt,6,3017,776
Xoodyak,pure-python,32,encrypt,7,3017,776
Xoodyak,pure-python,32,encrypt,8,3017,776
Xoodyak,pure-python,32,encrypt,9,3017,776
Xoodyak,pure-python,32,encrypt,10,3017,776
Xoodyak,pure-python,32,decrypt,1,3131,776
Xoodyak,pure-python,32,decrypt,2,3131,776
Xoodyak,pure-python,32,decrypt,3,3131,776
Xoodyak,pure-python,32,decrypt,4,3131,776
Xoodyak,pure-python,32,decrypt,5,3131,776
Xoodyak,pure-python,32,decrypt,6,3131,776
Xoodyak,pure-python,32,decrypt,7,3131,776
Xoodyak,pure-python,32,decrypt,8,3131,776
Xoodyak,pure-python,32,decrypt,9,3131,776
Xoodyak,pure-python,32,decrypt,10,3131,776
Xoodyak,pure-python,64,encrypt,1,3049,776
Xoodyak,pure-python,64,encrypt,2,3049,776
Xoodyak,pure-python,64,encrypt,3,3049,776
Xoodyak,pure-python,64,encrypt,4,3049,776
Xoodyak,pure-python,64,encrypt,5,3049,776
Xoodyak,pure-python,64,encrypt,6,3049,776
Xoodyak,pure-python,64,encrypt,7,3049,776
Xoodyak,pure-python,64,encrypt,8,3049,776
Xoodyak,pure-python,64,encrypt,9,3049,776
Xoodyak,pure-python,64,encrypt,10,3049,776
Xoodyak,pure-python,64,decrypt,1,3195,776
Xoodyak,pure-python,64,decrypt,2,3195,776
Xoodyak,pure-python,64,decrypt,3,3195,776
Xoodyak,pure-python,64,decrypt,4,3195,776
Xoodyak,pure-python,64,decrypt,5,3195,776
Xoodyak,pure-python,64,decrypt,6,3195,776
Xoodyak,pure-python,64,decrypt,7,3195,776
Xoodyak,pure-python,64,decrypt,8,3195,776
Xoodyak,pure-python,64,decrypt,9,3195,776
Xoodyak,pure-python,64,decrypt,10,3195,776
Xoodyak,pure-python,128,encrypt,1,3113,776
Xoodyak,pure-python,128,encrypt,2,3113,776
Xoodyak,pure-python,128,encrypt,3,3113,776
Xoodyak,pure-python,128,encrypt,4,3113,776
Xoodyak,pure-python,128,encrypt,5,3113,776
Xoodyak,pure-python,128,encrypt,6,3113,776
Xoodyak,pure-python,128,encrypt,7,3113,776
Xoodyak,pure-python,128,encrypt,8,3113,776
Xoodyak,pure-python,128,encrypt,9,3113,776
Xoodyak,pure-python,128,encrypt,10,3113,776
Xoodyak,pure-python,128,decrypt,1,3323,776
Xoodyak,pure-python,128,decrypt,2,3323,776
Xoodyak,pure-python,128,decrypt,3,3323,776
Xoodyak,pure-python,128,decrypt,4,3323,776
Xoodyak,pure-python,128,decrypt,5,3323,776
Xoodyak,pure-python,128,decrypt,6,3323,776
Xoodyak,pure-python,128,decrypt,7,3323,776
Xoodyak,pure-python,128,decrypt,8,3323,776
Xoodyak,pure-python,128,decrypt,9,3323,776
Xoodyak,pure-python,128,decrypt,10,3323,776
Xoodyak,pure-python,256,encrypt,1,3281,776
Xoodyak,pure-python,256,encrypt,2,3281,776
Xoodyak,pure-python,256,encrypt,3,3281,776
Xoodyak,pure-python,256,encrypt,4,3281,776
Xoodyak,pure-python,256,encrypt,5,3281,776
Xoodyak,pure-python,256,encrypt,6,3281,776
Xoodyak,pure-python,256,encrypt,7,3281,776
Xoodyak,pure-python,256,encrypt,8,3281,776
Xoodyak,pure-python,256,encrypt,9,3281,776
Xoodyak,pure-python,256,encrypt,10,3281,776
Xoodyak,pure-python,256,decrypt,1,3619,776
Xoodyak,pure-python,256,decrypt,2,3619,776
Xoodyak,pure-python,256,decrypt,3,3619,776
Xoodyak,pure-python,256,decrypt,4,3619,776
Xoodyak,pure-python,256,decrypt,5,3619,776
Xoodyak,pure-python,256,decrypt,6,3619,776
Xoodyak,pure-python,256,decrypt,7,3619,776
Xoodyak,pure-python,256,decrypt,8,3619,776
Xoodyak,pure-python,256,decrypt,9,3619,776
Xoodyak,pure-python,256,decrypt,10,3619,776
Xoodyak,pure-python,512,encrypt,1,3597,776
Xoodyak,pure-python,512,encrypt,2,3597,776
Xoodyak,pure-python,512,encrypt,3,3597,776
Xoodyak,pure-python,512,encrypt,4,3597,776
Xoodyak,pure-python,512,encrypt,5,3597,776
Xoodyak,pure-python,512,encrypt,6,3597,776
Xoodyak,pure-python,512,encrypt,7,3597,776
Xoodyak,pure-python,512,encrypt,8,3597,776
Xoodyak,pure-python,512,encrypt,9,3597,776
Xoodyak,pure-python,512,encrypt,10,3597,776
Xoodyak,pure-python,512,decrypt,1,4191,776
Xoodyak,pure-python,512,decrypt,2,4191,776
Xoodyak,pure-python,512,decrypt,3,4191,776
Xoodyak,pure-python,512,decrypt,4,4191,776
Xoodyak,pure-python,512,decrypt,5,4191,776
Xoodyak,pure-python,512,decrypt,6,4191,776
Xoodyak,pure-python,512,decrypt,7,4191,776
Xoodyak,pure-python,512,decrypt,8,4191,776
Xoodyak,pure-python,512,decrypt,9,4191,776
Xoodyak,pure-python,512,decrypt,10,4191,776
Xoodyak,pure-python,1024,encrypt,1,4172,776
Xoodyak,pure-python,1024,encrypt,2,4172,776
Xoodyak,pure-python,1024,encrypt,3,4172,776
Xoodyak,pure-python,1024,encrypt,4,4172,776
Xoodyak,pure-python,1024,encrypt,5,4172,776
Xoodyak,pure-python,1024,encrypt,6,4172,776
Xoodyak,pure-python,1024,encrypt,7,4172,776
Xoodyak,pure-python,1024,encrypt,8,4172,776
Xoodyak,pure-python,1024,encrypt,9,4172,776
Xoodyak,pure-python,1024,encrypt,10,4172,776
Xoodyak,pure-python,1024,decrypt,1,5278,776
Xoodyak,pure-python,1024,decrypt,2,5278,776
Xoodyak,pure-python,1024,decrypt,3,5278,776
Xoodyak,pure-python,1024,decrypt,4,5278,776
Xoodyak,pure-python,1024,decrypt,5,5278,776
Xoodyak,pure-python,1024,decrypt,6,5278,776
Xoodyak,pure-python,1024,decrypt,7,5278,776
Xoodyak,pure-python,1024,decrypt,8,5278,776
Xoodyak,pure-python,1024,decrypt,9,5278,776
Xoodyak,pure-python,1024,decrypt,10,5278,776
Xoodyak,pure-python,2048,encrypt,1,5481,776
Xoodyak,pure-python,2048,encrypt,2,5481,776
Xoodyak,pure-python,2048,encrypt,3,5481,776
Xoodyak,pure-python,2048,encrypt,4,5481,776
Xoodyak,pure-python,2048,encrypt,5,5481,776
Xoodyak,pure-python,2048,encrypt,6,5481,776
Xoodyak,pure-python,2048,encrypt,7,5481,776
Xoodyak,pure-python,2048,encrypt,8,5481,776
Xoodyak,pure-python,2048,encrypt,9,5481,776
Xoodyak,pure-python,2048,encrypt,10,5481,776
Xoodyak,pure-python,2048,decrypt,1,7611,776
Xoodyak,pure-python,2048,decrypt,2,7611,776
Xoodyak,pure-python,2048,decrypt,3,7611,776
Xoodyak,pure-python,2048,decrypt,4,7611,776
Xoodyak,pure-python,2048,decrypt,5,7611,776
Xoodyak,pure-python,2048,decrypt,6,7611,776
Xoodyak,pure-python,2048,decrypt,7,7611,776
Xoodyak,pure-python,2048,decrypt,8,7611,776
Xoodyak,pure-python,2048,decrypt,9,7611,776
Xoodyak,pure-python,2048,decrypt,10,7611,776
Xoodyak,pure-python,4096,encrypt,1,9470,776
Xoodyak,pure-python,4096,encrypt,2,9470,776
Xoodyak,pure-python,4096,encrypt,3,9470,776
Xoodyak,pure-python,4096,encrypt,4,9470,776
Xoodyak,pure-python,4096,encrypt,5,9470,776
Xoodyak,pure-python,4096,encrypt,6,9470,776
Xoodyak,pure-python,4096,encrypt,7,9470,776
Xoodyak,pure-python,4096,encrypt,8,9470,776
Xoodyak,pure-python,4096,encrypt,9,9470,776
Xoodyak,pure-python,4096,encrypt,10,9470,776
Xoodyak,pure-python,4096,decrypt,1,13648,776
Xoodyak,pure-python,4096,decrypt,2,13648,776
Xoodyak,pure-python,4096,decrypt,3,13648,776
Xoodyak,pure-python,4096,decrypt,4,13648,776
Xoodyak,pure-python,4096,decrypt,5,13648,776
Xoodyak,pure-python,4096,decrypt,6,13648,776
Xoodyak,pure-python,4096,decrypt,7,13648,776
Xoodyak,pure-python,4096,decrypt,8,13648,776
Xoodyak,pure-python,4096,decrypt,9,13648,776
Xoodyak,pure-python,4096,decrypt,10,13648,776
Schwaemm256-128,pure-python,32,encrypt,1,1928,488
Schwaemm256-128,pure-python,32,encrypt,2,1928,488
Schwaemm256-128,pure-python,32,encrypt,3,1928,488
Schwaemm256-128,pure-python,32,encrypt,4,1928,488
Schwaemm256-128,pure-python,32,encrypt,5,1928,488
Schwaemm256-128,pure-python,32,encrypt,6,1928,488
Schwaemm256-128,pure-python,32,encrypt,7,1928,488
Schwaemm256-128,pure-python,32,encrypt,8,1928,488
Schwaemm256-128,pure-python,32,encrypt,9,1928,488
Schwaemm256-128,pure-python,32,encrypt,10,1928,488
Schwaemm256-128,pure-python,32,decrypt,1,2042,488
Schwaemm256-128,pure-python,32,decrypt,2,2042,488
Schwaemm256-128,pure-python,32,decrypt,3,2042,488
Schwaemm256-128,pure-python,32,decrypt,4,2042,488
Schwaemm256-128,pure-python,32,decrypt,5,2042,488
Schwaemm256-128,pure-python,32,decrypt,6,2042,488
Schwaemm256-128,pure-python,32,decrypt,7,2042,488
Schwaemm256-128,pure-python,32,decrypt,8,2042,488
Schwaemm256-128,pure-python,32,decrypt,9,2042,488
Schwaemm256-128,pure-python,32,decrypt,10,2042,488
Schwaemm256-128,pure-python,64,encrypt,1,2203,488
Schwaemm256-128,pure-python,64,encrypt,2,2203,488
Schwaemm256-128,pure-python,64,encrypt,3,2203,488
Schwaemm256-128,pure-python,64,encrypt,4,2203,488
Schwaemm256-128,pure-python,64,encrypt,5,2203,488
Schwaemm256-128,pure-python,64,encrypt,6,2203,488
Schwaemm256-128,pure-python,64,encrypt,7,2203,488
Schwaemm256-128,pure-python,64,encrypt,8,2203,488
Schwaemm256-128,pure-python,64,encrypt,9,2203,488
Schwaemm256-128,pure-python,64,encrypt,10,2203,488
Schwaemm256-128,pure-python,64,decrypt,1,2349,488
Schwaemm256-128,pure-python,64,decrypt,2,2349,488
Schwaemm256-128,pure-python,64,decrypt,3,2349,488
Schwaemm256-128,pure-python,64,decrypt,4,2349,488
Schwaemm256-128,pure-python,64,decrypt,5,2349,488
Schwaemm256-128,pure-python,64,decrypt,6,2349,488
Schwaemm256-128,pure-python,64,decrypt,7,2349,488
Schwaemm256-128,pure-python,64,decrypt,8,2349,488
Schwaemm256-128,pure-python,64,decrypt,9,2349,488
Schwaemm256-128,pure-python,64,decrypt,10,2349,488
Schwaemm256-128,pure-python,128,encrypt,1,2267,488
Schwaemm256-128,pure-python,128,encrypt,2,2267,488
Schwaemm256-128,pure-python,128,encrypt,3,2267,488
Schwaemm256-128,pure-python,128,encrypt,4,2267,488
Schwaemm256-128,pure-python,128,encrypt,5,2267,488
Schwaemm256-128,pure-python,128,encrypt,6,2267,488
Schwaemm256-128,pure-python,128,encrypt,7,2267,488
Schwaemm256-128,pure-python,128,encrypt,8,2267,488
Schwaemm256-128,pure-python,128,encrypt,9,2267,488
Schwaemm256-128,pure-python,128,encrypt,10,2267,488
Schwaemm256-128,pure-python,128,decrypt,1,2477,488
Schwaemm256-128,pure-python,128,decrypt,2,2477,488
Schwaemm256-128,pure-python,128,decrypt,3,2477,488
Schwaemm256-128,pure-python,128,decrypt,4,2477,488
Schwaemm256-128,pure-python,128,decrypt,5,2477,488
Schwaemm256-128,pure-python,128,decrypt,6,2477,488
Schwaemm256-128,pure-python,128,decrypt,7,2477,488
Schwaemm256-128,pure-python,128,decrypt,8,2477,488
Schwaemm256-128,pure-python,128,decrypt,9,2477,488
Schwaemm256-128,pure-python,128,decrypt,10,2477,488
Schwaemm256-128,pure-python,256,encrypt,1,2395,488
Schwaemm256-128,pure-python,256,encrypt,2,2395,488
Schwaemm256-128,pure-python,256,encrypt,3,2395,488
Schwaemm256-128,pure-python,256,encrypt,4,2395,488
Schwaemm256-128,pure-python,256,encrypt,5,2395,488
Schwaemm256-128,pure-python,256,encrypt,6,2395,488
Schwaemm256-128,pure-python,256,encrypt,7,2395,488
Schwaemm256-128,pure-python,256,encrypt,8,2395,488
Schwaemm256-128,pure-python,256,encrypt,9,2395,488
Schwaemm256-128,pure-python,256,encrypt,10,2395,488
Schwaemm256-128,pure-python,256,decrypt,1,2733,488
Schwaemm256-128,pure-python,256,decrypt,2,2733,488
Schwaemm256-128,pure-python,256,decrypt,3,2733,488
Schwaemm256-128,pure-python,256,decrypt,4,2733,488
Schwaemm256-128,pure-python,256,decrypt,5,2733,488
Schwaemm256-128,pure-python,256,decrypt,6,2733,488
Schwaemm256-128,pure-python,256,decrypt,7,2733,488
Schwaemm256-128,pure-python,256,decrypt,8,2733,488
Schwaemm256-128,pure-python,256,decrypt,9,2733,488
Schwaemm256-128,pure-python,256,decrypt,10,2733,488
Schwaemm256-128,pure-python,512,encrypt,1,2748,488
Schwaemm256-128,pure-python,512,encrypt,2,2748,488
Schwaemm256-128,pure-python,512,encrypt,3,2748,488
Schwaemm256-128,pure-python,512,encrypt,4,2748,488
Schwaemm256-128,pure-python,512,encrypt,5,2748,488
Schwaemm256-128,pure-python,512,encrypt,6,2748,488
Schwaemm256-128,pure-python,512,encrypt,7,2748,488
Schwaemm256-128,pure-python,512,encrypt,8,2748,488
Schwaemm256-128,pure-python,512,encrypt,9,2748,488
Schwaemm256-128,pure-python,512,encrypt,10,2748,488
Schwaemm256-128,pure-python,512,decrypt,1,3342,488
Schwaemm256-128,pure-python,512,decrypt,2,3342,488
Schwaemm256-128,pure-python,512,decrypt,3,3342,488
Schwaemm256-128,pure-python,512,decrypt,4,3342,488
Schwaemm256-128,pure-python,512,decrypt,5,3342,488
Schwaemm256-128,pure-python,512,decrypt,6,3342,488
Schwaemm256-128,pure-python,512,decrypt,7,3342,488
Schwaemm256-128,pure-python,512,decrypt,8,3342,488
Schwaemm256-128,pure-python,512,decrypt,9,3342,488
Schwaemm256-128,pure-python,512,decrypt,10,3342,488
Schwaemm256-128,pure-python,1024,encrypt,1,3433,488
Schwaemm256-128,pure-python,1024,encrypt,2,3433,488
Schwaemm256-128,pure-python,1024,encrypt,3,3433,488
Schwaemm256-128,pure-python,1024,encrypt,4,3433,488
Schwaemm256-128,pure-python,1024,encrypt,5,3433,488
Schwaemm256-128,pure-python,1024,encrypt,6,3433,488
Schwaemm256-128,pure-python,1024,encrypt,7,3433,488
Schwaemm256-128,pure-python,1024,encrypt,8,3433,488
Schwaemm256-128,pure-python,1024,encrypt,9,3433,488
Schwaemm256-128,pure-python,1024,encrypt,10,3433,488
Schwaemm256-128,pure-python,1024,decrypt,1,4539,488
Schwaemm256-128,pure-python,1024,decrypt,2,4539,488
Schwaemm256-128,pure-python,1024,decrypt,3,4539,488
Schwaemm256-128,pure-python,1024,decrypt,4,4539,488
Schwaemm256-128,pure-python,1024,decrypt,5,4539,488
Schwaemm256-128,pure-python,1024,decrypt,6,4539,488
Schwaemm256-128,pure-python,1024,decrypt,7,4539,488
Schwaemm256-128,pure-python,1024,decrypt,8,4539,488
Schwaemm256-128,pure-python,1024,decrypt,9,4539,488
Schwaemm256-128,pure-python,1024,decrypt,10,4539,488
Schwaemm256-128,pure-python,2048,encrypt,1,5573,488
Schwaemm256-128,pure-python,2048,encrypt,2,5573,488
Schwaemm256-128,pure-python,2048,encrypt,3,5573,488
Schwaemm256-128,pure-python,2048,encrypt,4,5573,488
Schwaemm256-128,pure-python,2048,encrypt,5,5573,488
Schwaemm256-128,pure-python,2048,encrypt,6,5573,488
Schwaemm256-128,pure-python,2048,encrypt,7,5573,488
Schwaemm256-128,pure-python,2048,encrypt,8,5573,488
Schwaemm256-128,pure-python,2048,encrypt,9,5573,488
Schwaemm256-128,pure-python,2048,encrypt,10,5573,488
Schwaemm256-128,pure-python,2048,decrypt,1,7703,488
Schwaemm256-128,pure-python,2048,decrypt,2,7703,488
Schwaemm256-128,pure-python,2048,decrypt,3,7703,488
Schwaemm256-128,pure-python,2048,decrypt,4,7703,488
Schwaemm256-128,pure-python,2048,decrypt,5,7703,488
Schwaemm256-128,pure-python,2048,decrypt,6,7703,488
Schwaemm256-128,pure-python,2048,decrypt,7,7703,488
Schwaemm256-128,pure-python,2048,decrypt,8,7703,488
Schwaemm256-128,pure-python,2048,decrypt,9,7703,488
Schwaemm256-128,pure-python,2048,decrypt,10,7703,488
Schwaemm256-128,pure-python,4096,encrypt,1,9637,488
Schwaemm256-128,pure-python,4096,encrypt,2,9637,488
Schwaemm256-128,pure-python,4096,encrypt,3,9637,488
Schwaemm256-128,pure-python,4096,encrypt,4,9637,488
Schwaemm256-128,pure-python,4096,encrypt,5,9637,488
Schwaemm256-128,pure-python,4096,encrypt,6,9637,488
Schwaemm256-128,pure-python,4096,encrypt,7,9637,488
Schwaemm256-128,pure-python,4096,encrypt,8,9637,488
Schwaemm256-128,pure-python,4096,encrypt,9,9637,488
Schwaemm256-128,pure-python,4096,encrypt,10,9637,488
Schwaemm256-128,pure-python,4096,decrypt,1,13815,488
Schwaemm256-128,pure-python,4096,decrypt,2,13815,488
Schwaemm256-128,pure-python,4096,decrypt,3,13815,488
Schwaemm256-128,pure-python,4096,decrypt,4,13815,488
Schwaemm256-128,pure-python,4096,decrypt,5,13815,488
Schwaemm256-128,pure-python,4096,decrypt,6,13815,488
Schwaemm256-128,pure-python,4096,decrypt,7,13815,488
Schwaemm256-128,pure-python,4096,decrypt,8,13815,488
Schwaemm256-128,pure-python,4096,decrypt,9,13815,488
Schwaemm256-128,pure-python,4096,decrypt,10,13815,488
GIFT-COFB,pure-python,32,encrypt,1,2413,568
GIFT-COFB,pure-python,32,encrypt,2,2413,568
GIFT-COFB,pure-python,32,encrypt,3,2413,568
GIFT-COFB,pure-python,32,encrypt,4,2413,568
GIFT-COFB,pure-python,32,encrypt,5,2413,568
GIFT-COFB,pure-python,32,encrypt,6,2413,568
GIFT-COFB,pure-python,32,encrypt,7,2413,568
GIFT-COFB,pure-python,32,encrypt,8,2413,568
GIFT-COFB,pure-python,32,encrypt,9,2413,568
GIFT-COFB,pure-python,32,encrypt,10,2413,568
GIFT-COFB,pure-python,32,decrypt,1,2531,568
GIFT-COFB,pure-python,32,decrypt,2,2531,568
GIFT-COFB,pure-python,32,decrypt,3,2531,568
GIFT-COFB,pure-python,32,decrypt,4,2531,568
GIFT-COFB,pure-python,32,decrypt,5,2531,568
GIFT-COFB,pure-python,32,decrypt,6,2531,568
GIFT-COFB,pure-python,32,decrypt,7,2531,568
GIFT-COFB,pure-python,32,decrypt,8,2531,568
GIFT-COFB,pure-python,32,decrypt,9,2531,568
GIFT-COFB,pure-python,32,decrypt,10,2531,568
GIFT-COFB,pure-python,64,encrypt,1,2449,568
GIFT-COFB,pure-python,64,encrypt,2,2449,568
GIFT-COFB,pure-python,64,encrypt,3,2449,568
GIFT-COFB,pure-python,64,encrypt,4,2449,568
GIFT-COFB,pure-python,64,encrypt,5,2449,568
GIFT-COFB,pure-python,64,encrypt,6,2449,568
GIFT-COFB,pure-python,64,encrypt,7,2449,568
GIFT-COFB,pure-python,64,encrypt,8,2449,568
GIFT-COFB,pure-python,64,encrypt,9,2449,568
GIFT-COFB,pure-python,64,encrypt,10,2449,568
GIFT-COFB,pure-python,64,decrypt,1,2587,568
GIFT-COFB,pure-python,64,decrypt,2,2587,568
GIFT-COFB,pure-python,64,decrypt,3,2587,568
GIFT-COFB,pure-python,64,decrypt,4,2587,568
GIFT-COFB,pure-python,64,decrypt,5,2587,568
GIFT-COFB,pure-python,64,decrypt,6,2587,568
GIFT-COFB,pure-python,64,decrypt,7,2587,568
GIFT-COFB,pure-python,64,decrypt,8,2587,568
GIFT-COFB,pure-python,64,decrypt,9,2587,568
GIFT-COFB,pure-python,64,decrypt,10,2587,568
GIFT-COFB,pure-python,128,encrypt,1,2534,568
GIFT-COFB,pure-python,128,encrypt,2,2534,568
GIFT-COFB,pure-python,128,encrypt,3,2534,568
GIFT-COFB,pure-python,128,encrypt,4,2534,568
GIFT-COFB,pure-python,128,encrypt,5,2534,568
GIFT-COFB,pure-python,128,encrypt,6,2534,568
GIFT-COFB,pure-python,128,encrypt,7,2534,568
GIFT-COFB,pure-python,128,encrypt,8,2534,568
GIFT-COFB,pure-python,128,encrypt,9,2534,568
GIFT-COFB,pure-python,128,encrypt,10,2534,568
GIFT-COFB,pure-python,128,decrypt,1,2744,568
GIFT-COFB,pure-python,128,decrypt,2,2744,568
GIFT-COFB,pure-python,128,decrypt,3,2744,568
GIFT-COFB,pure-python,128,decrypt,4,2744,568
GIFT-COFB,pure-python,128,decrypt,5,2744,568
GIFT-COFB,pure-python,128,decrypt,6,2744,568
GIFT-COFB,pure-python,128,decrypt,7,2744,568
GIFT-COFB,pure-python,128,decrypt,8,2744,568
GIFT-COFB,pure-python,128,decrypt,9,2744,568
GIFT-COFB,pure-python,128,decrypt,10,2744,568
GIFT-COFB,pure-python,256,encrypt,1,2809,568
GIFT-COFB,pure-python,256,encrypt,2,2809,568
GIFT-COFB,pure-python,256,encrypt,3,2809,568
GIFT-COFB,pure-python,256,encrypt,4,2809,568
GIFT-COFB,pure-python,256,encrypt,5,2809,568
GIFT-COFB,pure-python,256,encrypt,6,2809,568
GIFT-COFB,pure-python,256,encrypt,7,2809,568
GIFT-COFB,pure-python,256,encrypt,8,2809,568
GIFT-COFB,pure-python,256,encrypt,9,2809,568
GIFT-COFB,pure-python,256,encrypt,10,2809,568
GIFT-COFB,pure-python,256,decrypt,1,3147,568
GIFT-COFB,pure-python,256,decrypt,2,3147,568
GIFT-COFB,pure-python,256,decrypt,3,3147,568
GIFT-COFB,pure-python,256,decrypt,4,3147,568
GIFT-COFB,pure-python,256,decrypt,5,3147,568
GIFT-COFB,pure-python,256,decrypt,6,3147,568
GIFT-COFB,pure-python,256,decrypt,7,3147,568
GIFT-COFB,pure-python,256,decrypt,8,3147,568
GIFT-COFB,pure-python,256,decrypt,9,3147,568
GIFT-COFB,pure-python,256,decrypt,10,3147,568
GIFT-COFB,pure-python,512,encrypt,1,3403,568
GIFT-COFB,pure-python,512,encrypt,2,3403,568
GIFT-COFB,pure-python,512,encrypt,3,3403,568
GIFT-COFB,pure-python,512,encrypt,4,3403,568
GIFT-COFB,pure-python,512,encrypt,5,3403,568
GIFT-COFB,pure-python,512,encrypt,6,3403,568
GIFT-COFB,pure-python,512,encrypt,7,3403,568
GIFT-COFB,pure-python,512,encrypt,8,3403,568
GIFT-COFB,pure-python,512,encrypt,9,3403,568
GIFT-COFB,pure-python,512,encrypt,10,3403,568
GIFT-COFB,pure-python,512,decrypt,1,3993,568
GIFT-COFB,pure-python,512,decrypt,2,3993,568
GIFT-COFB,pure-python,512,decrypt,3,3993,568
GIFT-COFB,pure-python,512,decrypt,4,3993,568
GIFT-COFB,pure-python,512,decrypt,5,3993,568
GIFT-COFB,pure-python,512,decrypt,6,3993,568
GIFT-COFB,pure-python,512,decrypt,7,3993,568
GIFT-COFB,pure-python,512,decrypt,8,3993,568
GIFT-COFB,pure-python,512,decrypt,9,3993,568
GIFT-COFB,pure-python,512,decrypt,10,3993,568
GIFT-COFB,pure-python,1024,encrypt,1,4469,568
GIFT-COFB,pure-python,1024,encrypt,2,4469,568
GIFT-COFB,pure-python,1024,encrypt,3,4469,568
GIFT-COFB,pure-python,1024,encrypt,4,4469,568
GIFT-COFB,pure-python,1024,encrypt,5,4469,568
GIFT-COFB,pure-python,1024,encrypt,6,4469,568
GIFT-COFB,pure-python,1024,encrypt,7,4469,568
GIFT-COFB,pure-python,1024,encrypt,8,4469,568
GIFT-COFB,pure-python,1024,encrypt,9,4469,568
GIFT-COFB,pure-python,1024,encrypt,10,4469,568
GIFT-COFB,pure-python,1024,decrypt,1,5579,568
GIFT-COFB,pure-python,1024,decrypt,2,5579,568
GIFT-COFB,pure-python,1024,decrypt,3,5579,568
GIFT-COFB,pure-python,1024,decrypt,4,5579,568
GIFT-COFB,pure-python,1024,decrypt,5,5579,568
GIFT-COFB,pure-python,1024,decrypt,6,5579,568
GIFT-COFB,pure-python,1024,decrypt,7,5579,568
GIFT-COFB,pure-python,1024,decrypt,8,5579,568
GIFT-COFB,pure-python,1024,decrypt,9,5579,568
GIFT-COFB,pure-python,1024,decrypt,10,5579,568
GIFT-COFB,pure-python,2048,encrypt,1,6509,568
GIFT-COFB,pure-python,2048,encrypt,2,6509,568
GIFT-COFB,pure-python,2048,encrypt,3,6509,568
GIFT-COFB,pure-python,2048,encrypt,4,6509,568
GIFT-COFB,pure-python,2048,encrypt,5,6509,568
GIFT-COFB,pure-python,2048,encrypt,6,6509,568
GIFT-COFB,pure-python,2048,encrypt,7,6509,568
GIFT-COFB,pure-python,2048,encrypt,8,6509,568
GIFT-COFB,pure-python,2048,encrypt,9,6509,568
GIFT-COFB,pure-python,2048,encrypt,10,6509,568
GIFT-COFB,pure-python,2048,decrypt,1,8635,568
GIFT-COFB,pure-python,2048,decrypt,2,8635,568
GIFT-COFB,pure-python,2048,decrypt,3,8635,568
GIFT-COFB,pure-python,2048,decrypt,4,8635,568
GIFT-COFB,pure-python,2048,decrypt,5,8635,568
GIFT-COFB,pure-python,2048,decrypt,6,8635,568
GIFT-COFB,pure-python,2048,decrypt,7,8635,568
GIFT-COFB,pure-python,2048,decrypt,8,8635,568
GIFT-COFB,pure-python,2048,decrypt,9,8635,568
GIFT-COFB,pure-python,2048,decrypt,10,8635,568
GIFT-COFB,pure-python,4096,encrypt,1,10879,568
GIFT-COFB,pure-python,4096,encrypt,2,10879,568
GIFT-COFB,pure-python,4096,encrypt,3,10879,568
GIFT-COFB,pure-python,4096,encrypt,4,10879,568
GIFT-COFB,pure-python,4096,encrypt,5,10879,568
GIFT-COFB,pure-python,4096,encrypt,6,10879,568
GIFT-COFB,pure-python,4096,encrypt,7,10879,568
GIFT-COFB,pure-python,4096,encrypt,8,10879,568
GIFT-COFB,pure-python,4096,encrypt,9,10879,568
GIFT-COFB,pure-python,4096,encrypt,10,10879,568
GIFT-COFB,pure-python,4096,decrypt,1,15057,568
GIFT-COFB,pure-python,4096,decrypt,2,15057,568
GIFT-COFB,pure-python,4096,decrypt,3,15057,568
GIFT-COFB,pure-python,4096,decrypt,4,15057,568
GIFT-COFB,pure-python,4096,decrypt,5,15057,568
GIFT-COFB,pure-python,4096,decrypt,6,15057,568
GIFT-COFB,pure-python,4096,decrypt,7,15057,568
GIFT-COFB,pure-python,4096,decrypt,8,15057,568
GIFT-COFB,pure-python,4096,decrypt,9,15057,568
GIFT-COFB,pure-python,4096,decrypt,10,15057,568
AES-128-CCM,pure-python,32,encrypt,1,1451,632
AES-128-CCM,pure-python,32,encrypt,2,1451,632
AES-128-CCM,pure-python,32,encrypt,3,1451,632
AES-128-CCM,pure-python,32,encrypt,4,1451,632
AES-128-CCM,pure-python,32,encrypt,5,1451,632
AES-128-CCM,pure-python,32,encrypt,6,1451,632
AES-128-CCM,pure-python,32,encrypt,7,1451,632
AES-128-CCM,pure-python,32,encrypt,8,1451,632
AES-128-CCM,pure-python,32,encrypt,9,1451,632
AES-128-CCM,pure-python,32,encrypt,10,1451,632
AES-128-CCM,pure-python,32,decrypt,1,1695,632
AES-128-CCM,pure-python,32,decrypt,2,1695,632
AES-128-CCM,pure-python,32,decrypt,3,1695,632
AES-128-CCM,pure-python,32,decrypt,4,1695,632
AES-128-CCM,pure-python,32,decrypt,5,1695,632
AES-128-CCM,pure-python,32,decrypt,6,1695,632
AES-128-CCM,pure-python,32,decrypt,7,1695,632
AES-128-CCM,pure-python,32,decrypt,8,1695,632
AES-128-CCM,pure-python,32,decrypt,9,1695,632
AES-128-CCM,pure-python,32,decrypt,10,1695,632
AES-128-CCM,pure-python,64,encrypt,1,1483,632
AES-128-CCM,pure-python,64,encrypt,2,1483,632
AES-128-CCM,pure-python,64,encrypt,3,1483,632
AES-128-CCM,pure-python,64,encrypt,4,1483,632
AES-128-CCM,pure-python,64,encrypt,5,1483,632
AES-128-CCM,pure-python,64,encrypt,6,1483,632
AES-128-CCM,pure-python,64,encrypt,7,1483,632
AES-128-CCM,pure-python,64,encrypt,8,1483,632
AES-128-CCM,pure-python,64,encrypt,9,1483,632
AES-128-CCM,pure-python,64,encrypt,10,1483,632
AES-128-CCM,pure-python,64,decrypt,1,1823,632
AES-128-CCM,pure-python,64,decrypt,2,1823,632
AES-128-CCM,pure-python,64,decrypt,3,1823,632
AES-128-CCM,pure-python,64,decrypt,4,1823,632
AES-128-CCM,pure-python,64,decrypt,5,1823,632
AES-128-CCM,pure-python,64,decrypt,6,1823,632
AES-128-CCM,pure-python,64,decrypt,7,1823,632
AES-128-CCM,pure-python,64,decrypt,8,1823,632
AES-128-CCM,pure-python,64,decrypt,9,1823,632
AES-128-CCM,pure-python,64,decrypt,10,1823,632
AES-128-CCM,pure-python,128,encrypt,1,1547,632
AES-128-CCM,pure-python,128,encrypt,2,1547,632
AES-128-CCM,pure-python,128,encrypt,3,1547,632
AES-128-CCM,pure-python,128,encrypt,4,1547,632
AES-128-CCM,pure-python,128,encrypt,5,1547,632
AES-128-CCM,pure-python,128,encrypt,6,1547,632
AES-128-CCM,pure-python,128,encrypt,7,1547,632
AES-128-CCM,pure-python,128,encrypt,8,1547,632
AES-128-CCM,pure-python,128,encrypt,9,1547,632
AES-128-CCM,pure-python,128,encrypt,10,1547,632
AES-128-CCM,pure-python,128,decrypt,1,2079,632
AES-128-CCM,pure-python,128,decrypt,2,2079,632
AES-128-CCM,pure-python,128,decrypt,3,2079,632
AES-128-CCM,pure-python,128,decrypt,4,2079,632
AES-128-CCM,pure-python,128,decrypt,5,2079,632
AES-128-CCM,pure-python,128,decrypt,6,2079,632
AES-128-CCM,pure-python,128,decrypt,7,2079,632
AES-128-CCM,pure-python,128,decrypt,8,2079,632
AES-128-CCM,pure-python,128,decrypt,9,2079,632
AES-128-CCM,pure-python,128,decrypt,10,2079,632
AES-128-CCM,pure-python,256,encrypt,1,1713,632
AES-128-CCM,pure-python,256,encrypt,2,1713,632
AES-128-CCM,pure-python,256,encrypt,3,1713,632
AES-128-CCM,pure-python,256,encrypt,4,1713,632
AES-128-CCM,pure-python,256,encrypt,5,1713,632
AES-128-CCM,pure-python,256,encrypt,6,1713,632
AES-128-CCM,pure-python,256,encrypt,7,1713,632
AES-128-CCM,pure-python,256,encrypt,8,1713,632
AES-128-CCM,pure-python,256,encrypt,9,1713,632
AES-128-CCM,pure-python,256,encrypt,10,1713,632
AES-128-CCM,pure-python,256,decrypt,1,2623,632
AES-128-CCM,pure-python,256,decrypt,2,2623,632
AES-128-CCM,pure-python,256,decrypt,3,2623,632
AES-128-CCM,pure-python,256,decrypt,4,2623,632
AES-128-CCM,pure-python,256,decrypt,5,2623,632
AES-128-CCM,pure-python,256,decrypt,6,2623,632
AES-128-CCM,pure-python,256,decrypt,7,2623,632
AES-128-CCM,pure-python,256,decrypt,8,2623,632
AES-128-CCM,pure-python,256,decrypt,9,2623,632
AES-128-CCM,pure-python,256,decrypt,10,2623,632
AES-128-CCM,pure-python,512,encrypt,1,2559,632
AES-128-CCM,pure-python,512,encrypt,2,2559,632
AES-128-CCM,pure-python,512,encrypt,3,2559,632
AES-128-CCM,pure-python,512,encrypt,4,2559,632
AES-128-CCM,pure-python,512,encrypt,5,2559,632
AES-128-CCM,pure-python,512,encrypt,6,2559,632
AES-128-CCM,pure-python,512,encrypt,7,2559,632
AES-128-CCM,pure-python,512,encrypt,8,2559,632
AES-128-CCM,pure-python,512,encrypt,9,2559,632
AES-128-CCM,pure-python,512,encrypt,10,2559,632
AES-128-CCM,pure-python,512,decrypt,1,3647,632
AES-128-CCM,pure-python,512,decrypt,2,3647,632
AES-128-CCM,pure-python,512,decrypt,3,3647,632
AES-128-CCM,pure-python,512,decrypt,4,3647,632
AES-128-CCM,pure-python,512,decrypt,5,3647,632
AES-128-CCM,pure-python,512,decrypt,6,3647,632
AES-128-CCM,pure-python,512,decrypt,7,3647,632
AES-128-CCM,pure-python,512,decrypt,8,3647,632
AES-128-CCM,pure-python,512,decrypt,9,3647,632
AES-128-CCM,pure-python,512,decrypt,10,3647,632
AES-128-CCM,pure-python,1024,encrypt,1,4141,632
AES-128-CCM,pure-python,1024,encrypt,2,4141,632
AES-128-CCM,pure-python,1024,encrypt,3,4141,632
AES-128-CCM,pure-python,1024,encrypt,4,4141,632
AES-128-CCM,pure-python,1024,encrypt,5,4141,632
AES-128-CCM,pure-python,1024,encrypt,6,4141,632
AES-128-CCM,pure-python,1024,encrypt,7,4141,632
AES-128-CCM,pure-python,1024,encrypt,8,4141,632
AES-128-CCM,pure-python,1024,encrypt,9,4141,632
AES-128-CCM,pure-python,1024,encrypt,10,4141,632
AES-128-CCM,pure-python,1024,decrypt,1,5695,632
AES-128-CCM,pure-python,1024,decrypt,2,5695,632
AES-128-CCM,pure-python,1024,decrypt,3,5695,632
AES-128-CCM,pure-python,1024,decrypt,4,5695,632
AES-128-CCM,pure-python,1024,decrypt,5,5695,632
AES-128-CCM,pure-python,1024,decrypt,6,5695,632
AES-128-CCM,pure-python,1024,decrypt,7,5695,632
AES-128-CCM,pure-python,1024,decrypt,8,5695,632
AES-128-CCM,pure-python,1024,decrypt,9,5695,632
AES-128-CCM,pure-python,1024,decrypt,10,5695,632
AES-128-CCM,pure-python,2048,encrypt,1,7197,632
AES-128-CCM,pure-python,2048,encrypt,2,7197,632
AES-128-CCM,pure-python,2048,encrypt,3,7197,632
AES-128-CCM,pure-python,2048,encrypt,4,7197,632
AES-128-CCM,pure-python,2048,encrypt,5,7197,632
AES-128-CCM,pure-python,2048,encrypt,6,7197,632
AES-128-CCM,pure-python,2048,encrypt,7,7197,632
AES-128-CCM,pure-python,2048,encrypt,8,7197,632
AES-128-CCM,pure-python,2048,encrypt,9,7197,632
AES-128-CCM,pure-python,2048,encrypt,10,7197,632
AES-128-CCM,pure-python,2048,decrypt,1,9791,632
AES-128-CCM,pure-python,2048,decrypt,2,9791,632
AES-128-CCM,pure-python,2048,decrypt,3,9791,632
AES-128-CCM,pure-python,2048,decrypt,4,9791,632
AES-128-CCM,pure-python,2048,decrypt,5,9791,632
AES-128-CCM,pure-python,2048,decrypt,6,9791,632
AES-128-CCM,pure-python,2048,decrypt,7,9791,632
AES-128-CCM,pure-python,2048,decrypt,8,9791,632
AES-128-CCM,pure-python,2048,decrypt,9,9791,632
AES-128-CCM,pure-python,2048,decrypt,10,9791,632
AES-128-CCM,pure-python,4096,encrypt,1,13647,632
AES-128-CCM,pure-python,4096,encrypt,2,13647,632
AES-128-CCM,pure-python,4096,encrypt,3,13647,632
AES-128-CCM,pure-python,4096,encrypt,4,13647,632
AES-128-CCM,pure-python,4096,encrypt,5,13647,632
AES-128-CCM,pure-python,4096,encrypt,6,13647,632
AES-128-CCM,pure-python,4096,encrypt,7,13647,632
AES-128-CCM,pure-python,4096,encrypt,8,13647,632
AES-128-CCM,pure-python,4096,encrypt,9,13647,632
AES-128-CCM,pure-python,4096,encrypt,10,13647,632
AES-128-CCM,pure-python,4096,decrypt,1,17983,632
AES-128-CCM,pure-python,4096,decrypt,2,17983,632
AES-128-CCM,pure-python,4096,decrypt,3,17983,632
AES-128-CCM,pure-python,4096,decrypt,4,17983,632
AES-128-CCM,pure-python,4096,decrypt,5,17983,632
AES-128-CCM,pure-python,4096,decrypt,6,17983,632
AES-128-CCM,pure-python,4096,decrypt,7,17983,632
AES-128-CCM,pure-python,4096,decrypt,8,17983,632
AES-128-CCM,pure-python,4096,decrypt,9,17983,632
AES-128-CCM,pure-python,4096,decrypt,10,17983,632
AES-128-GCM,native-c,32,encrypt,1,81,0
AES-128-GCM,native-c,32,encrypt,2,81,0
AES-128-GCM,native-c,32,encrypt,3,81,0
AES-128-GCM,native-c,32,encrypt,4,81,0
AES-128-GCM,native-c,32,encrypt,5,81,0
AES-128-GCM,native-c,32,encrypt,6,81,0
AES-128-GCM,native-c,32,encrypt,7,81,0
AES-128-GCM,native-c,32,encrypt,8,81,0
AES-128-GCM,native-c,32,encrypt,9,81,0
AES-128-GCM,native-c,32,encrypt,10,81,0
AES-128-GCM,native-c,32,decrypt,1,65,0
AES-128-GCM,native-c,32,decrypt,2,65,0
AES-128-GCM,native-c,32,decrypt,3,65,0
AES-128-GCM,native-c,32,decrypt,4,65,0
AES-128-GCM,native-c,32,decrypt,5,65,0
AES-128-GCM,native-c,32,decrypt,6,65,0
AES-128-GCM,native-c,32,decrypt,7,65,0
AES-128-GCM,native-c,32,decrypt,8,65,0
AES-128-GCM,native-c,32,decrypt,9,65,0
AES-128-GCM,native-c,32,decrypt,10,65,0
AES-128-GCM,native-c,64,encrypt,1,113,0
AES-128-GCM,native-c,64,encrypt,2,113,0
AES-128-GCM,native-c,64,encrypt,3,113,0
AES-128-GCM,native-c,64,encrypt,4,113,0
AES-128-GCM,native-c,64,encrypt,5,113,0
AES-128-GCM,native-c,64,encrypt,6,113,0
AES-128-GCM,native-c,64,encrypt,7,113,0
AES-128-GCM,native-c,64,encrypt,8,113,0
AES-128-GCM,native-c,64,encrypt,9,113,0
AES-128-GCM,native-c,64,encrypt,10,113,0
AES-128-GCM,native-c,64,decrypt,1,97,0
AES-128-GCM,native-c,64,decrypt,2,97,0
AES-128-GCM,native-c,64,decrypt,3,97,0
AES-128-GCM,native-c,64,decrypt,4,97,0
AES-128-GCM,native-c,64,decrypt,5,97,0
AES-128-GCM,native-c,64,decrypt,6,97,0
AES-128-GCM,native-c,64,decrypt,7,97,0
AES-128-GCM,native-c,64,decrypt,8,97,0
AES-128-GCM,native-c,64,decrypt,9,97,0
AES-128-GCM,native-c,64,decrypt,10,97,0
AES-128-GCM,native-c,128,encrypt,1,177,0
AES-128-GCM,native-c,128,encrypt,2,177,0
AES-128-GCM,native-c,128,encrypt,3,177,0
AES-128-GCM,native-c,128,encrypt,4,177,0
AES-128-GCM,native-c,128,encrypt,5,177,0
AES-128-GCM,native-c,128,encrypt,6,177,0
AES-128-GCM,native-c,128,encrypt,7,177,0
AES-128-GCM,native-c,128,encrypt,8,177,0
AES-128-GCM,native-c,128,encrypt,9,177,0
AES-128-GCM,native-c,128,encrypt,10,177,0
AES-128-GCM,native-c,128,decrypt,1,161,0
AES-128-GCM,native-c,128,decrypt,2,161,0
AES-128-GCM,native-c,128,decrypt,3,161,0
AES-128-GCM,native-c,128,decrypt,4,161,0
AES-128-GCM,native-c,128,decrypt,5,161,0
AES-128-GCM,native-c,128,decrypt,6,161,0
AES-128-GCM,native-c,128,decrypt,7,161,0
AES-128-GCM,native-c,128,decrypt,8,161,0
AES-128-GCM,native-c,128,decrypt,9,161,0
AES-128-GCM,native-c,128,decrypt,10,161,0
AES-128-GCM,native-c,256,encrypt,1,305,0
AES-128-GCM,native-c,256,encrypt,2,305,0
AES-128-GCM,native-c,256,encrypt,3,305,0
AES-128-GCM,native-c,256,encrypt,4,305,0
AES-128-GCM,native-c,256,encrypt,5,305,0
AES-128-GCM,native-c,256,encrypt,6,305,0
AES-128-GCM,native-c,256,encrypt,7,305,0
AES-128-GCM,native-c,256,encrypt,8,305,0
AES-128-GCM,native-c,256,encrypt,9,305,0
AES-128-GCM,native-c,256,encrypt,10,305,0
AES-128-GCM,native-c,256,decrypt,1,289,0
AES-128-GCM,native-c,256,decrypt,2,289,0
AES-128-GCM,native-c,256,decrypt,3,289,0
AES-128-GCM,native-c,256,decrypt,4,289,0
AES-128-GCM,native-c,256,decrypt,5,289,0
AES-128-GCM,native-c,256,decrypt,6,289,0
AES-128-GCM,native-c,256,decrypt,7,289,0
AES-128-GCM,native-c,256,decrypt,8,289,0
AES-128-GCM,native-c,256,decrypt,9,289,0
AES-128-GCM,native-c,256,decrypt,10,289,0
AES-128-GCM,native-c,512,encrypt,1,561,0
AES-128-GCM,native-c,512,encrypt,2,561,0
AES-128-GCM,native-c,512,encrypt,3,561,0
AES-128-GCM,native-c,512,encrypt,4,561,0
AES-128-GCM,native-c,512,encrypt,5,561,0
AES-128-GCM,native-c,512,encrypt,6,561,0
AES-128-GCM,native-c,512,encrypt,7,561,0
AES-128-GCM,native-c,512,encrypt,8,561,0
AES-128-GCM,native-c,512,encrypt,9,561,0
AES-128-GCM,native-c,512,encrypt,10,561,0
AES-128-GCM,native-c,512,decrypt,1,545,0
AES-128-GCM,native-c,512,decrypt,2,545,0
AES-128-GCM,native-c,512,decrypt,3,545,0
AES-128-GCM,native-c,512,decrypt,4,545,0
AES-128-GCM,native-c,512,decrypt,5,545,0
AES-128-GCM,native-c,512,decrypt,6,545,0
AES-128-GCM,native-c,512,decrypt,7,545,0
AES-128-GCM,native-c,512,decrypt,8,545,0
AES-128-GCM,native-c,512,decrypt,9,545,0
AES-128-GCM,native-c,512,decrypt,10,545,0
AES-128-GCM,native-c,1024,encrypt,1,1073,0
AES-128-GCM,native-c,1024,encrypt,2,1073,0
AES-128-GCM,native-c,1024,encrypt,3,1073,0
AES-128-GCM,native-c,1024,encrypt,4,1073,0
AES-128-GCM,native-c,1024,encrypt,5,1073,0
AES-128-GCM,native-c,1024,encrypt,6,1073,0
AES-128-GCM,native-c,1024,encrypt,7,1073,0
AES-128-GCM,native-c,1024,encrypt,8,1073,0
AES-128-GCM,native-c,1024,encrypt,9,1073,0
AES-128-GCM,native-c,1024,encrypt,10,1073,0
AES-128-GCM,native-c,1024,decrypt,1,1057,0
AES-128-GCM,native-c,1024,decrypt,2,1057,0
AES-128-GCM,native-c,1024,decrypt,3,1057,0
AES-128-GCM,native-c,1024,decrypt,4,1057,0
AES-128-GCM,native-c,1024,decrypt,5,1057,0
AES-128-GCM,native-c,1024,decrypt,6,1057,0
AES-128-GCM,native-c,1024,decrypt,7,1057,0
AES-128-GCM,native-c,1024,decrypt,8,1057,0
AES-128-GCM,native-c,1024,decrypt,9,1057,0
AES-128-GCM,native-c,1024,decrypt,10,1057,0
AES-128-GCM,native-c,2048,encrypt,1,2097,0
AES-128-GCM,native-c,2048,encrypt,2,2097,0
AES-128-GCM,native-c,2048,encrypt,3,2097,0
AES-128-GCM,native-c,2048,encrypt,4,2097,0
AES-128-GCM,native-c,2048,encrypt,5,2097,0
AES-128-GCM,native-c,2048,encrypt,6,2097,0
AES-128-GCM,native-c,2048,encrypt,7,2097,0
AES-128-GCM,native-c,2048,encrypt,8,2097,0
AES-128-GCM,native-c,2048,encrypt,9,2097,0
AES-128-GCM,native-c,2048,encrypt,10,2097,0
AES-128-GCM,native-c,2048,decrypt,1,2081,0
AES-128-GCM,native-c,2048,decrypt,2,2081,0
AES-128-GCM,native-c,2048,decrypt,3,2081,0
AES-128-GCM,native-c,2048,decrypt,4,2081,0
AES-128-GCM,native-c,2048,decrypt,5,2081,0
AES-128-GCM,native-c,2048,decrypt,6,2081,0
AES-128-GCM,native-c,2048,decrypt,7,2081,0
AES-128-GCM,native-c,2048,decrypt,8,2081,0
AES-128-GCM,native-c,2048,decrypt,9,2081,0
AES-128-GCM,native-c,2048,decrypt,10,2081,0
AES-128-GCM,native-c,4096,encrypt,1,4145,0
AES-128-GCM,native-c,4096,encrypt,2,4145,0
AES-128-GCM,native-c,4096,encrypt,3,4145,0
AES-128-GCM,native-c,4096,encrypt,4,4145,0
AES-128-GCM,native-c,4096,encrypt,5,4145,0
AES-128-GCM,native-c,4096,encrypt,6,4145,0
AES-128-GCM,native-c,4096,encrypt,7,4145,0
AES-128-GCM,native-c,4096,encrypt,8,4145,0
AES-128-GCM,native-c,4096,encrypt,9,4145,0
AES-128-GCM,native-c,4096,encrypt,10,4145,0
AES-128-GCM,native-c,4096,decrypt,1,4129,0
AES-128-GCM,native-c,4096,decrypt,2,4129,0
AES-128-GCM,native-c,4096,decrypt,3,4129,0
AES-128-GCM,native-c,4096,decrypt,4,4129,0
AES-128-GCM,native-c,4096,decrypt,5,4129,0
AES-128-GCM,native-c,4096,decrypt,6,4129,0
AES-128-GCM,native-c,4096,decrypt,7,4129,0
AES-128-GCM,native-c,4096,decrypt,8,4129,0
AES-128-GCM,native-c,4096,decrypt,9,4129,0
AES-128-GCM,native-c,4096,decrypt,10,4129,0
