algorithm,tier,role,message_size,operation,samples,repetitions,batch_size,mean_ns,median_ns,stdev_ns,min_ns,max_ns,ci95_half_width_ns,ci95_lower_ns,ci95_upper_ns,mean_us,median_us,between_run_stdev_ns,throughput_mb_s_mean,throughput_mb_s_median,operations_per_second,ciphertext_size
AES-128-CCM,pure-python,Deployed IoT AEAD (IEEE 802.15.4 / Zigbee / BLE),32,decrypt,1000,10,1,225267.188,208380.5,43283.9872582648,196583.0,526867.0,2682.769324616542,222584.41867538347,227949.95732461652,225.267188,208.3805,23926.77596132221,0.14205353333571155,0.153565232831287,4439.172916740986,48
AES-128-CCM,pure-python,Deployed IoT AEAD (IEEE 802.15.4 / Zigbee / BLE),32,encrypt,1000,10,1,216200.036,206534.5,22296.86731666224,196175.0,414086.0,1381.9741539815018,214818.06184601848,217582.0101539815,216.20003599999998,206.5345,6041.633191914991,0.14801107618686984,0.1549377948962522,4625.346130839683,48
AES-128-CCM,pure-python,Deployed IoT AEAD (IEEE 802.15.4 / Zigbee / BLE),64,decrypt,1000,10,1,302921.963,293585.0,25011.985858628323,274115.0,444311.0,1550.2589446968802,301371.7040553031,304472.22194469685,302.921963,293.585,8708.146606519987,0.2112755356731925,0.21799478856208593,3301.180244893633,80
AES-128-CCM,pure-python,Deployed IoT AEAD (IEEE 802.15.4 / Zigbee / BLE),64,encrypt,1000,10,1,298926.648,289153.0,22987.97933564479,273387.0,444797.0,1424.8097207082287,297501.83827929175,300351.4577207082,298.926648,289.153,7210.777781405948,0.2140993465393557,0.22133610925703692,3345.302289677433,80
AES-128-CCM,pure-python,Deployed IoT AEAD (IEEE 802.15.4 / Zigbee / BLE),128,decrypt,1000,10,1,489560.617,464692.5,300848.9937551592,428360.0,8055771.0,18646.813819907096,470913.80318009295,508207.4308199071,489.56061700000004,464.6925,54585.14163659334,0.26145894002744097,0.275450970265283,2042.6479689643825,144
AES-128-CCM,pure-python,Deployed IoT AEAD (IEEE 802.15.4 / Zigbee / BLE),128,encrypt,1000,10,1,466189.908,463322.0,37147.97428521549,427410.0,818917.0,2302.4553003718684,463887.45269962813,468492.36330037186,466.189908,463.322,7930.648399760122,0.27456621819449595,0.2762657503852612,2145.0485796444996,144
AES-128-CCM,pure-python,Deployed IoT AEAD (IEEE 802.15.4 / Zigbee / BLE),256,decrypt,1000,10,1,804287.564,794804.0,48342.21869695731,739587.0,1408525.0,2996.2817572759,801291.2822427241,807283.8457572759,804.287564,794.804,15145.779590524146,0.31829411700315685,0.3220919874585433,1243.3363945435815,272
AES-128-CCM,pure-python,Deployed IoT AEAD (IEEE 802.15.4 / Zigbee / BLE),256,encrypt,1000,10,1,802570.197,789411.5,59600.9293704554,739380.0,1509924.0,3694.103874479905,798876.0931255202,806264.3008744799,802.570197,789.4115,18231.61355506543,0.318975213578732,0.32429221008308085,1245.9969280419218,272
AES-128-CCM,pure-python,Deployed IoT AEAD (IEEE 802.15.4 / Zigbee / BLE),512,decrypt,1000,10,1,1519840.743,1474812.0,195775.70512171538,1383718.0,3015481.0,12134.30391871821,1507706.439081282,1531975.0469187181,1519.840743,1474.812,86633.46683939437,0.33687740137125666,0.34716289262631445,657.9636745532357,528
AES-128-CCM,pure-python,Deployed IoT AEAD (IEEE 802.15.4 / Zigbee / BLE),512,encrypt,1000,10,1,1489892.725,1465187.0,110424.73488634735,1388892.0,2522886.0,6844.195976317797,1483048.5290236822,1496736.920976318,1489.8927250000002,1465.187,34023.67822313758,0.34364890264163145,0.34944344988045895,671.1892629719364,528
AES-128-CCM,pure-python,Deployed IoT AEAD (IEEE 802.15.4 / Zigbee / BLE),1024,decrypt,1000,10,1,2847357.099,2799714.0,289015.84432739235,2665557.0,8878477.0,17913.387619843812,2829443.711380156,2865270.4866198436,2847.357099,2799.714,73207.84879919485,0.35963174424438427,0.36575164463227317,351.20287523865653,1040
AES-128-CCM,pure-python,Deployed IoT AEAD (IEEE 802.15.4 / Zigbee / BLE),1024,encrypt,1000,10,1,2872736.773,2820529.5,295007.55781507614,2663981.0,8739463.0,18284.757869325156,2854452.015130675,2891021.530869325,2872.736773,2820.5295,117626.38013780925,0.3564545173871383,0.3630523984946798,348.1001146358772,1040
AES-128-CCM,pure-python,Deployed IoT AEAD (IEEE 802.15.4 / Zigbee / BLE),2048,decrypt,1000,10,1,5516200.981,5447274.5,299029.5318490977,5262753.0,8443368.0,18534.042402621406,5497666.938597378,5534735.023402621,5516.200981,5447.2745,63343.59223287795,0.3712700112004857,0.37596783492368524,181.28418515648715,2064
AES-128-CCM,pure-python,Deployed IoT AEAD (IEEE 802.15.4 / Zigbee / BLE),2048,encrypt,1000,10,1,5549141.938,5461957.0,376412.33963428607,5255097.0,11451021.0,23330.278519689426,5525811.659480311,5572472.216519689,5549.141938,5461.957,131479.09846804925,0.3690660687511864,0.3749571810982767,180.20804138241525,2064
AES-128-CCM,pure-python,Deployed IoT AEAD (IEEE 802.15.4 / Zigbee / BLE),4096,decrypt,1000,10,1,10887755.732,10745806.5,629317.3113545015,10400978.0,21479300.0,39005.491067129944,10848750.24093287,10926761.22306713,10887.755732000001,10745.8065,193492.54103110332,0.37620241497166607,0.3811719483316585,91.84629271769191,4112
AES-128-CCM,pure-python,Deployed IoT AEAD (IEEE 802.15.4 / Zigbee / BLE),4096,encrypt,1000,10,1,10994685.109,10797164.0,867742.6923129953,10417141.0,21503433.0,53783.24928124468,10940901.859718755,11048468.358281244,10994.685109,10797.164,278390.672615213,0.3725436389849044,0.37935887609005475,90.95303686154892,4112
AES-128-GCM,native-c,"Established baseline (NIST SP 800-38D, OpenSSL + AES-NI)",32,decrypt,250,10,20,982.6488,925.2,273.35242591492454,889.1,2976.25,33.885117777085036,948.763682222915,1016.5339177770851,0.9826488000000001,0.9252,27.344690017950064,32.56504256658126,34.587116299178554,1017657.5802056645,48
AES-128-GCM,native-c,"Established baseline (NIST SP 800-38D, OpenSSL + AES-NI)",32,encrypt,250,10,20,904.1106,856.15,212.33218901430473,848.05,3409.55,26.320970843899758,877.7896291561002,930.4315708438997,0.9041106,0.85615,47.906124860559885,35.393899817124144,37.37662792734918,1106059.3692851295,48
AES-128-GCM,native-c,"Established baseline (NIST SP 800-38D, OpenSSL + AES-NI)",64,decrypt,250,10,20,988.157,937.425,251.9549816776177,893.7,2954.95,31.232663109148742,956.9243368908514,1019.3896631091487,0.9881570000000001,0.937425,74.63820241523625,64.76703600743606,68.27212843694163,1011984.9376161884,80
AES-128-GCM,native-c,"Established baseline (NIST SP 800-38D, OpenSSL + AES-NI)",64,encrypt,250,10,20,916.6838,863.0,259.6999008501279,852.05,2740.85,32.19273323640706,884.4910667635929,948.8765332364071,0.9166838,0.863,35.5801718370718,69.8168768772831,74.15990730011586,1090888.7012075484,80
AES-128-GCM,native-c,"Established baseline (NIST SP 800-38D, OpenSSL + AES-NI)",128,decrypt,250,10,20,953.5938000000001,921.25,129.30493865355956,914.45,2435.0,16.02880625906089,937.5649937409393,969.622606259061,0.9535938,0.92125,35.3980845112651,134.22906063357374,138.94165535956583,1048664.5361997948,144
AES-128-GCM,native-c,"Established baseline (NIST SP 800-38D, OpenSSL + AES-NI)",128,encrypt,250,10,20,923.286,883.15,176.00694760839897,868.95,2770.2,21.818047267493487,901.4679527325064,945.1040472674935,0.9232859999999999,0.88315,23.639963583352262,138.63526577896775,144.9357413802865,1083088.0138981855,144
AES-128-GCM,native-c,"Established baseline (NIST SP 800-38D, OpenSSL + AES-NI)",256,decrypt,250,10,20,1050.1676,999.025,243.3012268324034,953.75,2904.9,30.159932544703814,1020.0076674552962,1080.327532544704,1.0501676,0.9990249999999999,34.935828674235786,243.7706133763792,256.2498435975076,952228.9585014811,272
AES-128-GCM,native-c,"Established baseline (NIST SP 800-38D, OpenSSL + AES-NI)",256,encrypt,250,10,20,1017.6551999999999,924.2750000000001,307.1456915476843,902.25,3521.55,38.07417438488982,979.5810256151101,1055.7293743848898,1.0176551999999999,0.9242750000000001,131.12320420191756,251.55868117216914,276.9738443645019,982651.0983287857,272
AES-128-GCM,native-c,"Established baseline (NIST SP 800-38D, OpenSSL + AES-NI)",512,decrypt,250,10,20,1134.1908,1065.2,261.9035543141972,1022.55,3043.55,32.46590094991808,1101.724899050082,1166.656700949918,1.1341908,1.0652000000000001,72.53836823946652,451.42316442700815,480.6609087495306,881685.8680215004,528
AES-128-GCM,native-c,"Established baseline (NIST SP 800-38D, OpenSSL + AES-NI)",512,encrypt,250,10,20,1058.051,988.95,279.19621964715253,977.45,3606.6,34.609521953191255,1023.4414780468087,1092.6605219531912,1.0580509999999999,0.98895,47.44448092244239,483.90862066195297,517.7208150058142,945134.0247303769,528
AES-128-GCM,native-c,"Established baseline (NIST SP 800-38D, OpenSSL + AES-NI)",1024,decrypt,250,10,20,1297.5464,1237.4250000000002,314.2793723785425,1175.95,3355.2,38.95847462231665,1258.5879253776834,1336.5048746223165,1.2975463999999999,1.2374250000000002,79.08763838117255,789.1817972752265,827.52490049902,770685.3489015885,1040
AES-128-GCM,native-c,"Established baseline (NIST SP 800-38D, OpenSSL + AES-NI)",1024,encrypt,250,10,20,1232.0518,1136.9250000000002,305.08498632723496,1126.25,3135.0,37.81872671924331,1194.2330732807566,1269.8705267192433,1.2320518,1.1369250000000002,75.89596033430675,831.133885766816,900.6750665171404,811654.1853191563,1040
AES-128-GCM,native-c,"Established baseline (NIST SP 800-38D, OpenSSL + AES-NI)",2048,decrypt,250,10,20,1578.2478,1468.275,381.1561537734864,1382.1,3688.2,47.2486063324531,1530.999193667547,1625.4964063324533,1.5782478000000002,1.468275,85.33720484160335,1297.6415997538536,1394.8340739983992,633614.0623798113,2064
AES-128-GCM,native-c,"Established baseline (NIST SP 800-38D, OpenSSL + AES-NI)",2048,encrypt,250,10,20,1514.8862,1377.05,413.52668207348705,1348.05,4269.25,51.261298593297965,1463.624901406702,1566.1474985932978,1.5148861999999998,1.3770499999999999,159.84321062688625,1351.9167314350082,1487.237209977851,660115.5915210001,2064
AES-128-GCM,native-c,"Established baseline (NIST SP 800-38D, OpenSSL + AES-NI)",4096,decrypt,250,10,20,1997.033,1867.6,439.6855573684832,1803.8,4283.05,54.50398637014945,1942.5290136298504,2051.5369863701494,1.9970329999999998,1.8676,36.69495856684161,2051.042721877906,2193.1891197258515,500742.85202097317,4112
AES-128-GCM,native-c,"Established baseline (NIST SP 800-38D, OpenSSL + AES-NI)",4096,encrypt,250,10,20,1870.6152,1766.5749999999998,338.13386920415394,1706.5,3970.75,41.915508684639235,1828.6996913153607,1912.5307086846392,1.8706152,1.7665749999999998,88.20863323935787,2189.6539705226387,2318.610871318795,534583.4888971286,4112
Ascon-AEAD128,pure-python,NIST SP 800-232 standard (the algorithm under study),32,decrypt,1000,10,1,383332.872,372797.5,37931.23060955406,351364.0,832763.0,2351.0020303140413,380981.8699696859,385683.87403031404,383.33287199999995,372.7975,6187.614219278522,0.08347836133395833,0.08583748549815917,2608.698791686198,48
Ascon-AEAD128,pure-python,NIST SP 800-232 standard (the algorithm under study),32,encrypt,1000,10,1,385432.822,373784.0,132527.51242110765,349500.0,4468149.0,8214.140320984341,377218.68167901563,393646.96232098434,385.432822,373.784,15462.727278462446,0.08302354696715476,0.08561094107826982,2594.4858427235863,48
Ascon-AEAD128,pure-python,NIST SP 800-232 standard (the algorithm under study),64,decrypt,1000,10,1,486404.487,471188.5,75869.59782561162,426883.0,962062.0,4702.446392081865,481702.04060791817,491106.9333920819,486.404487,471.1885,37260.15849352109,0.13157773357464936,0.135826744498221,2055.902087103896,80
Ascon-AEAD128,pure-python,NIST SP 800-232 standard (the algorithm under study),64,encrypt,1000,10,1,465192.015,461106.5,34088.403228245035,424937.0,712768.0,2112.8211215900224,463079.19387841,467304.83612159005,465.192015,461.1065,10068.239742171923,0.13757759793017943,0.13879656868857845,2149.649967659054,80
Ascon-AEAD128,pure-python,NIST SP 800-232 standard (the algorithm under study),128,decrypt,1000,10,1,634373.189,627458.5,44932.416392646424,579640.0,1040100.0,2784.940020886646,631588.2489791134,637158.1290208866,634.373189,627.4585,13518.754813151223,0.2017739750347488,0.2039975552167992,1576.3591799589751,144
Ascon-AEAD128,pure-python,NIST SP 800-232 standard (the algorithm under study),128,encrypt,1000,10,1,651213.369,626390.5,122940.06099293992,578279.0,1571243.0,7619.903924987154,643593.4650750128,658833.2729249871,651.213369,626.3905,56864.91863417773,0.19655616130325484,0.20434537241545012,1535.5950101816784,144
Ascon-AEAD128,pure-python,NIST SP 800-232 standard (the algorithm under study),256,decrypt,1000,10,1,979478.698,961998.5,82757.81863663573,886783.0,1754824.0,5129.382741146431,974349.3152588535,984608.0807411465,979.478698,961.9985,33987.75818347241,0.2613635197199562,0.266112681048879,1020.9512489060788,272
Ascon-AEAD128,pure-python,NIST SP 800-232 standard (the algorithm under study),256,encrypt,1000,10,1,958518.319,944011.5,64261.89161499353,881504.0,1721342.0,3982.9933073834127,954535.3256926166,962501.3123073834,958.518319,944.0115,18735.6362939675,0.2670788809410329,0.27118313706983443,1043.2768786759098,272
Ascon-AEAD128,pure-python,NIST SP 800-232 standard (the algorithm under study),512,decrypt,1000,10,1,1687202.327,1607378.5,263183.7903305156,1535039.0,3037418.0,16312.300325340313,1670890.0266746597,1703514.6273253404,1687.202327,1607.3785,159336.97471231807,0.30346093755713505,0.31853107404385467,592.6971436662794,528
Ascon-AEAD128,pure-python,NIST SP 800-232 standard (the algorithm under study),512,encrypt,1000,10,1,1619990.564,1601964.0,86119.8562985377,1529046.0,2877296.0,5337.763994327626,1614652.8000056725,1625328.3279943275,1619.990564,1601.964,23588.27735352513,0.31605122361688026,0.3196076815708717,617.2875461267192,528
Ascon-AEAD128,pure-python,NIST SP 800-232 standard (the algorithm under study),1024,decrypt,1000,10,1,3074703.356,2932455.5,520752.96138946456,2798629.0,5621634.0,32276.602942861235,3042426.753057139,3106979.9589428613,3074.703356,2932.4555,252805.98144654263,0.3330402583396406,0.349195409785417,325.2346272848053,1040
Ascon-AEAD128,pure-python,NIST SP 800-232 standard (the algorithm under study),1024,encrypt,1000,10,1,3027415.746,2945937.5,314747.53549164376,2784507.0,5500358.0,19508.254361534273,3007907.4916384653,3046924.0003615343,3027.4157459999997,2945.9375,106628.61282084938,0.3382422785350737,0.34759732682719846,330.31472513190795,1040
Ascon-AEAD128,pure-python,NIST SP 800-232 standard (the algorithm under study),2048,decrypt,1000,10,1,5680325.041,5624781.0,275801.90625271236,5404696.0,8288505.0,17094.379252786195,5663230.661747214,5697419.420252786,5680.325041,5624.781,107568.70783408538,0.36054274803250647,0.364103064634872,176.04626368774728,2064
Ascon-AEAD128,pure-python,NIST SP 800-232 standard (the algorithm under study),2048,encrypt,1000,10,1,5670315.447,5553035.0,503113.2019197858,5382679.0,9663136.0,31183.279323747745,5639132.167676252,5701498.726323747,5670.315447,5553.035,281709.0109460363,0.3611792005475705,0.3688073278846613,176.35703151736843,2064
Ascon-AEAD128,pure-python,NIST SP 800-232 standard (the algorithm under study),4096,decrypt,1000,10,1,11119590.357,11006953.0,570556.5363745799,10522311.0,17492231.0,35363.460501271475,11084226.896498729,11154953.817501273,11119.590357000001,11006.953,252211.40079067327,0.3683588934930042,0.3721284173739999,89.93137048169048,4112
Ascon-AEAD128,pure-python,NIST SP 800-232 standard (the algorithm under study),4096,encrypt,1000,10,1,10935064.863,10780862.0,636031.0014865047,10480901.0,19494070.0,39421.60989263578,10895643.253107363,10974486.472892636,10935.064863,10780.862,196400.9193793566,0.37457482432127753,0.37993251374519027,91.4489317190619,4112
GIFT-COFB,pure-python,"NIST-LWC finalist (block-cipher based, not a sponge)",32,decrypt,1000,10,1,1698310.705,1681367.0,103346.36156200217,1596893.0,3195204.0,6405.47385237319,1691905.2311476269,1704716.1788523733,1698.310705,1681.367,36093.49221480801,0.01884225301400311,0.01903213278243239,588.8204066875973,48
GIFT-COFB,pure-python,"NIST-LWC finalist (block-cipher based, not a sponge)",32,encrypt,1000,10,1,1711507.208,1688375.0,104038.50695427155,1593685.0,2639576.0,6448.3734682398035,1705058.8345317603,1717955.58146824,1711.507208,1688.375,47988.78826083206,0.018696970629410285,0.01895313541126823,584.2803321690714,48
GIFT-COFB,pure-python,"NIST-LWC finalist (block-cipher based, not a sponge)",64,decrypt,1000,10,1,2339994.968,2249024.0,355287.35462559294,2147447.0,4968833.0,22020.938383667533,2317974.029616332,2362015.9063836676,2339.994968,2249.024,199327.25376692883,0.027350486165660853,0.028456788366864917,427.35134633845075,80
GIFT-COFB,pure-python,"NIST-LWC finalist (block-cipher based, not a sponge)",64,encrypt,1000,10,1,2321059.753,2242606.5,326407.1211758013,2145025.0,4216578.0,20230.92296931655,2300828.8300306834,2341290.6759693166,2321.059753,2242.6065,211818.3462824892,0.027573611544157432,0.02853822103877787,430.8376803774599,80
GIFT-COFB,pure-python,"NIST-LWC finalist (block-cipher based, not a sponge)",128,decrypt,1000,10,1,3460775.601,3393840.0,289438.7582783126,3234080.0,6038643.0,17939.60009809152,3442836.000901908,3478715.2010980914,3460.775601,3393.84,142975.35643539886,0.03698592880827468,0.03771539023642835,288.95256881464593,144
GIFT-COFB,pure-python,"NIST-LWC finalist (block-cipher based, not a sponge)",128,encrypt,1000,10,1,3473879.8,3416448.5,210612.67108500277,3222658.0,5204462.0,13053.908596521704,3460825.891403478,3486933.7085965215,3473.8797999999997,3416.4485,104163.32163823365,0.036846410172280575,0.03746580696299095,287.86257947094197,144
GIFT-COFB,pure-python,"NIST-LWC finalist (block-cipher based, not a sponge)",256,decrypt,1000,10,1,5785776.394,5669161.5,556334.5385945817,5439609.0,11688388.0,34481.97194636348,5751294.422053637,5820258.365946364,5785.776394,5669.1615,198404.89603667674,0.04424643860510728,0.045156589735536726,172.8376508012003,272
GIFT-COFB,pure-python,"NIST-LWC finalist (block-cipher based, not a sponge)",256,encrypt,1000,10,1,5774560.363,5649707.0,597325.6124484519,5447678.0,10545752.0,37022.62502580584,5737537.737974194,5811582.988025806,5774.560363,5649.707,160186.52214593007,0.04433237924748316,0.045312084325788926,173.17335643548108,272
GIFT-COFB,pure-python,"NIST-LWC finalist (block-cipher based, not a sponge)",512,decrypt,1000,10,1,10339849.482,10223131.5,468927.6529857697,9815649.0,13281664.0,29064.437048932952,10310785.044951068,10368913.919048933,10339.849482000001,10223.1315,135246.91610983055,0.04951716182051865,0.05008250162878175,96.7132066807005,528
GIFT-COFB,pure-python,"NIST-LWC finalist (block-cipher based, not a sponge)",512,encrypt,1000,10,1,10411715.769,10221831.5,734864.9843711472,9841450.0,17927579.0,45547.40361701054,10366168.365382988,10457263.17261701,10411.715768999999,10221.8315,264877.1983738463,0.049175372374689344,0.05008887105994654,96.04564916931513,528
GIFT-COFB,pure-python,"NIST-LWC finalist (block-cipher based, not a sponge)",1024,decrypt,1000,10,1,19517172.98,19301943.5,1167558.5962096278,18621685.0,34944577.0,72366.03152833268,19444806.94847167,19589539.01152833,19517.17298,19301.9435,472018.9547415262,0.05246661496771752,0.05305165254472949,51.23692867941164,1040
GIFT-COFB,pure-python,"NIST-LWC finalist (block-cipher based, not a sponge)",1024,encrypt,1000,10,1,19503568.686,19160767.0,1581204.1930085877,18581136.0,36608029.0,98004.0512360263,19405564.634763975,19601572.737236027,19503.568686000002,19160.767,591523.4502290827,0.0525032119242385,0.053442537034138565,51.27266789476417,1040
GIFT-COFB,pure-python,"NIST-LWC finalist (block-cipher based, not a sponge)",2048,decrypt,1000,10,1,37678493.721,37398867.5,1630609.0005538932,36232532.0,63644338.0,101066.19293245288,37577427.52806755,37779559.91393245,37678.493721,37398.8675,391868.1612306473,0.054354614469594706,0.054761016493347026,26.54033909648179,2064
GIFT-COFB,pure-python,"NIST-LWC finalist (block-cipher based, not a sponge)",2048,encrypt,1000,10,1,37825727.48,37595392.0,1261152.211630344,36170188.0,47625336.0,78167.02391224739,37747560.456087746,37903894.50391225,37825.727479999994,37595.392,593565.2563740768,0.054143043278754154,0.05447476116221903,26.437032850954175,2064
GIFT-COFB,pure-python,"NIST-LWC finalist (block-cipher based, not a sponge)",4096,decrypt,1000,10,1,74299007.19,74082565.5,2265963.402847581,71183779.0,95274291.0,140445.86677264696,74158561.32322735,74439453.05677265,74299.00719,74082.5655,1040357.928532374,0.05512859666516898,0.05528966191107407,13.45913004520727,4112
GIFT-COFB,pure-python,"NIST-LWC finalist (block-cipher based, not a sponge)",4096,encrypt,1000,10,1,74639401.055,73848949.0,4069181.8010865157,71052736.0,117392923.0,252210.5010128965,74387190.55398712,74891611.5560129,74639.40105500001,73848.949,1685771.8939708492,0.0548771820527037,0.05546456727501972,13.397749524585864,4112
Schwaemm256-128,pure-python,NIST-LWC finalist (SPARKLE; software-oriented ARX),32,decrypt,1000,10,1,581785.309,573642.5,57956.713234607065,533748.0,1868991.0,3592.1943025642263,578193.1146974358,585377.5033025643,581.785309,573.6425,14571.585569117779,0.0550031076841784,0.05578387235952706,1718.8471151305748,48
Schwaemm256-128,pure-python,NIST-LWC finalist (SPARKLE; software-oriented ARX),32,encrypt,1000,10,1,587434.027,574262.0,53466.125215877306,533818.0,1155229.0,3313.864773580308,584120.1622264197,590747.8917735803,587.434027,574.262,25353.692030611008,0.054474202257949904,0.055723694062988674,1702.3188205609342,48
Schwaemm256-128,pure-python,NIST-LWC finalist (SPARKLE; software-oriented ARX),64,decrypt,1000,10,1,692288.243,677282.0,75128.60251929656,631888.0,2441719.0,4656.51902717425,687631.7239728258,696944.7620271742,692.288243,677.282,19288.21732959904,0.0924470416002717,0.09449535053345579,1444.4850250042452,80
Schwaemm256-128,pure-python,NIST-LWC finalist (SPARKLE; software-oriented ARX),64,encrypt,1000,10,1,687805.533,673135.0,64307.45674974661,632455.0,1352995.0,3985.817463694572,683819.7155363054,691791.3504636947,687.8055330000001,673.135,23192.2301365,0.0930495567851153,0.09507751045481218,1453.8993247674266,80
Schwaemm256-128,pure-python,NIST-LWC finalist (SPARKLE; software-oriented ARX),128,decrypt,1000,10,1,944891.463,889957.0,389141.800631818,833122.0,5318136.0,24119.25868640363,920772.2043135964,969010.7216864036,944.891463,889.957,129339.3806868969,0.1354652941763323,0.14382717367243586,1058.3226107525961,144
Schwaemm256-128,pure-python,NIST-LWC finalist (SPARKLE; software-oriented ARX),128,encrypt,1000,10,1,900971.066,884317.5,57127.05496814077,834004.0,1491564.0,3540.7715504524667,897430.2944495475,904511.8375504524,900.971066,884.3175,20426.930359359863,0.14206893520818123,0.1447443932750398,1109.9135563139162,144
Schwaemm256-128,pure-python,NIST-LWC finalist (SPARKLE; software-oriented ARX),256,decrypt,1000,10,1,1353340.691,1321717.5,127597.43119828832,1248928.0,2383311.0,7908.5707209950915,1345432.120279005,1361249.2617209952,1353.340691,1321.7175,32648.68124165182,0.1891615331619405,0.19368738024577872,738.9122389138302,272
Schwaemm256-128,pure-python,NIST-LWC finalist (SPARKLE; software-oriented ARX),256,encrypt,1000,10,1,1319448.024,1299076.5,76651.23716927865,1252572.0,2104155.0,4750.89290052369,1314697.1310994762,1324198.9169005237,1319.448024,1299.0765,29213.531802441306,0.19402052626818744,0.1970630674944855,757.8926807351072,272
Schwaemm256-128,pure-python,NIST-LWC finalist (SPARKLE; software-oriented ARX),512,decrypt,1000,10,1,2185712.757,2152280.0,162582.59479436913,2071027.0,3857415.0,10076.97362602865,2175635.7833739715,2195789.730626029,2185.7127570000002,2152.28,58933.05459841265,0.23424852984924951,0.23788726373891872,457.51665986181547,528
Schwaemm256-128,pure-python,NIST-LWC finalist (SPARKLE; software-oriented ARX),512,encrypt,1000,10,1,2194551.849,2142177.0,170101.48857038276,2067393.0,4187414.0,10542.999490443162,2184008.849509557,2205094.848490443,2194.551849,2142.177,63787.379534013126,0.23330503684991769,0.2390091948517793,455.6739000974955,528
Schwaemm256-128,pure-python,NIST-LWC finalist (SPARKLE; software-oriented ARX),1024,decrypt,1000,10,1,3933489.544,3835628.0,391132.7846606424,3710064.0,8581911.0,24242.661154999256,3909246.882845001,3957732.2051549996,3933.489544,3835.628,158721.99623777063,0.26032864420905144,0.266970623845691,254.22719161040177,1040
Schwaemm256-128,pure-python,NIST-LWC finalist (SPARKLE; software-oriented ARX),1024,encrypt,1000,10,1,3914896.685,3813563.0,300070.29764813517,3689849.0,6649895.0,18598.54973516237,3896298.1352648376,3933495.2347351625,3914.896685,3813.563,112991.04202717348,0.26156501241104907,0.26851529658746953,255.43458243266514,1040
Schwaemm256-128,pure-python,NIST-LWC finalist (SPARKLE; software-oriented ARX),2048,decrypt,1000,10,1,7403859.483,7174188.0,853293.6137388228,6977333.0,15203494.0,52887.686112896256,7350971.7968871035,7456747.169112897,7403.859483,7174.188,211357.08175952712,0.2766124890271638,0.2854678466747735,135.0646919077948,2064
Schwaemm256-128,pure-python,NIST-LWC finalist (SPARKLE; software-oriented ARX),2048,encrypt,1000,10,1,7223441.107,7146972.0,244863.1851908722,6946903.0,9180528.0,15176.777454404652,7208264.329545595,7238617.884454405,7223.441107,7146.972,119746.7211479464,0.2835213812452005,0.28655492144085637,138.43817443613304,2064
Schwaemm256-128,pure-python,NIST-LWC finalist (SPARKLE; software-oriented ARX),4096,decrypt,1000,10,1,14160807.464,13868346.5,1137040.2243418365,13515638.0,31266817.0,70474.48324292102,14090332.980757078,14231281.947242921,14160.807464,13868.3465,383351.61922816816,0.2892490425007872,0.295348836287008,70.61744201679375,4112
Schwaemm256-128,pure-python,NIST-LWC finalist (SPARKLE; software-oriented ARX),4096,encrypt,1000,10,1,14035254.931,13846279.5,613326.2186180749,13517021.0,21850510.0,38014.35287081712,13997240.578129184,14073269.283870816,14035.254931,13846.2795,247585.12668448093,0.29183652310818153,0.295819537659918,71.24915114945837,4112
TinyJAMBU-128,pure-python,"NIST-LWC finalist (smallest hardware footprint, 64-bit tag)",32,decrypt,1000,10,1,634798.42,629398.5,32921.73944763335,582751.0,864076.0,2040.5105513070464,632757.909448693,636838.930551307,634.7984200000001,629.3985,14909.100761625801,0.05040970328817138,0.050842192982665194,1575.3032277553557,40
TinyJAMBU-128,pure-python,"NIST-LWC finalist (smallest hardware footprint, 64-bit tag)",32,encrypt,1000,10,1,638802.237,632339.5,43241.73331932117,582859.0,1043917.0,2680.1503983479006,636122.0866016521,641482.3873983478,638.802237,632.3395,14568.374560468708,0.050093750689229354,0.05060572682870515,1565.4297090384173,40
TinyJAMBU-128,pure-python,"NIST-LWC finalist (smallest hardware footprint, 64-bit tag)",64,decrypt,1000,10,1,881162.217,874275.0,49301.89639717999,815060.0,1463235.0,3055.763197382468,878106.4538026175,884217.9801973824,881.1622169999999,874.275,18771.53026924198,0.07263134842287501,0.07320351148094136,1134.8648191074221,72
TinyJAMBU-128,pure-python,"NIST-LWC finalist (smallest hardware footprint, 64-bit tag)",64,encrypt,1000,10,1,896814.667,878445.0,90884.34049691768,815016.0,1691668.0,5633.069784405767,891181.5972155943,902447.7367844058,896.814667,878.445,52431.45757938242,0.07136368566996239,0.07285601261319717,1115.0575885931626,72
TinyJAMBU-128,pure-python,"NIST-LWC finalist (smallest hardware footprint, 64-bit tag)",128,decrypt,1000,10,1,1393451.766,1379359.0,87328.73868750191,1311857.0,2452633.0,5412.69130106652,1388039.0746989336,1398864.4573010665,1393.4517660000001,1379.359,24287.631006396492,0.09185822080331697,0.09279672659546934,717.642350025914,136
TinyJAMBU-128,pure-python,"NIST-LWC finalist (smallest hardware footprint, 64-bit tag)",128,encrypt,1000,10,1,1399481.946,1379497.5,89884.97147247526,1309018.0,2258754.0,5571.128250536699,1393910.8177494633,1405053.0742505367,1399.481946,1379.4975,43443.76910809859,0.09146241605034611,0.09278740990831806,714.5501253933289,136
TinyJAMBU-128,pure-python,"NIST-LWC finalist (smallest hardware footprint, 64-bit tag)",256,decrypt,1000,10,1,2433992.267,2384111.5,278623.8784088566,2258728.0,6521417.0,17269.28689912324,2416722.9801008767,2451261.5538991233,2433.992267,2384.1115,63099.545744876115,0.10517699808287846,0.10737752827416,410.847648761244,264
TinyJAMBU-128,pure-python,"NIST-LWC finalist (smallest hardware footprint, 64-bit tag)",256,encrypt,1000,10,1,2409341.391,2380934.5,140975.4871425,2266363.0,4103634.0,8737.751218992815,2400603.639781007,2418079.1422189926,2409.341391,2380.9345,53966.84245636942,0.10625310342331641,0.10752080748126419,415.0511852473297,264
TinyJAMBU-128,pure-python,"NIST-LWC finalist (smallest hardware footprint, 64-bit tag)",512,decrypt,1000,10,1,4402077.906,4358858.0,171085.31939946566,4212705.0,5981815.0,10603.977956986162,4391473.928043014,4412681.8839569865,4402.077906,4358.858,92694.10640028266,0.11630870941701138,0.1174619590727663,227.16544808010036,520
TinyJAMBU-128,pure-python,"NIST-LWC finalist (smallest hardware footprint, 64-bit tag)",512,encrypt,1000,10,1,4444651.929,4409448.5,190892.97816175802,4213084.0,6579018.0,11831.669366349179,4432820.25963365,4456483.598366349,4444.651929,4409.4485,96341.57309040675,0.11519462225137497,0.11611429411183735,224.98949658471673,520
TinyJAMBU-128,pure-python,"NIST-LWC finalist (smallest hardware footprint, 64-bit tag)",1024,decrypt,1000,10,1,8474995.666,8413403.0,447314.43199392135,8063172.0,12674457.0,27724.83573315959,8447270.830266839,8502720.50173316,8474.995665999999,8413.403,221846.77149229025,0.12082602049085225,0.12171056111302407,117.99416063559791,1032
TinyJAMBU-128,pure-python,"NIST-LWC finalist (smallest hardware footprint, 64-bit tag)",1024,encrypt,1000,10,1,8563845.909,8492988.5,498570.557756794,8084370.0,15043872.0,30901.723321515165,8532944.185678484,8594747.632321516,8563.845909,8492.9885,255997.61455271207,0.11957244570734836,0.12057004433716118,116.7699665110824,1032
TinyJAMBU-128,pure-python,"NIST-LWC finalist (smallest hardware footprint, 64-bit tag)",2048,decrypt,1000,10,1,16680344.651,16460469.0,1148547.45643842,15735084.0,30899955.0,71187.70887751324,16609156.942122487,16751532.359877514,16680.344651,16460.469,321429.1780836812,0.12277923765065733,0.12441929813785987,59.95079963411003,2056
TinyJAMBU-128,pure-python,"NIST-LWC finalist (smallest hardware footprint, 64-bit tag)",2048,encrypt,1000,10,1,16501613.742,16400413.5,593087.91863128,15813709.0,21875466.0,36759.97004182778,16464853.771958172,16538373.712041829,16501.613742,16400.4135,239721.41099241367,0.12410907393786698,0.12487490025785021,60.60013375872411,2056
TinyJAMBU-128,pure-python,"NIST-LWC finalist (smallest hardware footprint, 64-bit tag)",4096,decrypt,1000,10,1,32614240.039,32310558.0,1545854.982121438,31209387.0,51955423.0,95813.08444612322,32518426.954553876,32710053.123446126,32614.240039,32310.558,423254.96123587235,0.1255893129842062,0.12676970790786093,30.661453365284714,4104
TinyJAMBU-128,pure-python,"NIST-LWC finalist (smallest hardware footprint, 64-bit tag)",4096,encrypt,1000,10,1,32731850.178,32416053.5,1943868.69842999,31204926.0,63066918.0,120482.23016317654,32611367.947836824,32852332.408163175,32731.850178,32416.0535,792689.5057942932,0.12513805292781882,0.12635714585058913,30.55128245308077,4104
Xoodyak,pure-python,NIST-LWC finalist (Keccak team; closest structural rival),32,decrypt,1000,10,1,782640.743,772478.5,48448.55663367938,721435.0,1412656.0,3002.872650877702,779637.8703491223,785643.6156508777,782.640743,772.4785,9602.054595902373,0.040887214582438366,0.04142510115168254,1277.725455701199,48
Xoodyak,pure-python,NIST-LWC finalist (Keccak team; closest structural rival),32,encrypt,1000,10,1,787757.603,772571.0,72313.7321782311,720403.0,1474443.0,4482.051555896142,783275.5514441038,792239.6545558962,787.757603,772.571,22883.25756207608,0.04062163269276628,0.04142014132034466,1269.4260216489463,48
Xoodyak,pure-python,NIST-LWC finalist (Keccak team; closest structural rival),64,decrypt,1000,10,1,951448.777,936413.5,70155.49505495401,869375.0,1661327.0,4348.282633106552,947100.4943668934,955797.0596331066,951.448777,936.4135,19984.521356126283,0.06726583873679204,0.0683458749793761,1051.0287302623753,80
Xoodyak,pure-python,NIST-LWC finalist (Keccak team; closest structural rival),64,encrypt,1000,10,1,963863.018,938969.0,100858.6188063132,876885.0,1722442.0,6251.281958898195,957611.7360411019,970114.2999588982,963.863018,938.969,48857.132237454665,0.06639947669410426,0.06815986470266856,1037.491823345379,80
Xoodyak,pure-python,NIST-LWC finalist (Keccak team; closest structural rival),128,decrypt,1000,10,1,1437673.534,1414249.0,105650.03771743074,1339252.0,2616395.0,6548.257179767647,1431125.2768202324,1444221.7911797676,1437.673534,1414.249,33192.45485407696,0.08903273029160458,0.09050740004058691,695.5682054031607,144
Xoodyak,pure-python,NIST-LWC finalist (Keccak team; closest structural rival),128,encrypt,1000,10,1,1430976.056,1411716.0,103474.8150673297,1336999.0,3431719.0,6413.435483118435,1424562.6205168816,1437389.4914831186,1430.9760560000002,1411.716,35235.2603265956,0.08944943520424636,0.09066979477458639,698.8237125331746,144
Xoodyak,pure-python,NIST-LWC finalist (Keccak team; closest structural rival),256,decrypt,1000,10,1,2232109.684,2201840.5,143832.47181924456,2099617.0,4055451.0,8914.828963839582,2223194.8550361604,2241024.5129638393,2232.109684,2201.8405,41577.307895310994,0.11468970446884187,0.11626636897631779,448.00665808141355,272
Xoodyak,pure-python,NIST-LWC finalist (Keccak team; closest structural rival),256,encrypt,1000,10,1,2255005.441,2201484.5,212788.24540930564,2096680.0,4138322.0,13188.752090163769,2241816.688909836,2268194.193090164,2255.0054410000002,2201.4845,83153.51841225641,0.11352522497084298,0.11628517030213024,443.45791004235537,272
Xoodyak,pure-python,NIST-LWC finalist (Keccak team; closest structural rival),512,decrypt,1000,10,1,3960952.558,3920523.0,187152.93517315877,3748974.0,6699976.0,11599.859100287209,3949352.698899713,3972552.4171002875,3960.9525580000004,3920.523,59019.46757177862,0.12926183601111435,0.13059482115013735,252.46452345920775,528
Xoodyak,pure-python,NIST-LWC finalist (Keccak team; closest structural rival),512,encrypt,1000,10,1,3937146.48,3901515.0,157843.10948101673,3772102.0,5530022.0,9783.217282897287,3927363.2627171027,3946929.6972828973,3937.14648,3901.515,55572.838056391876,0.13004342170169905,0.1312310730575174,253.99105801113095,528
Xoodyak,pure-python,NIST-LWC finalist (Keccak team; closest structural rival),1024,decrypt,1000,10,1,7289033.024,7172928.5,363313.71538661385,6994748.0,11008250.0,22518.41737767729,7266514.606622322,7311551.441377678,7289.033024,7172.9285,165301.37016346472,0.14048502683804,0.1427589860961252,137.19240902152345,1040
Xoodyak,pure-python,NIST-LWC finalist (Keccak team; closest structural rival),1024,encrypt,1000,10,1,7459304.639,7304682.5,580885.0103098387,6946819.0,12237670.0,36003.62594809784,7423301.013051903,7495308.264948098,7459.304639000001,7304.6825,142420.28209097552,0.13727821151668074,0.14018405317411126,134.06075343425854,1040
Xoodyak,pure-python,NIST-LWC finalist (Keccak team; closest structural rival),2048,decrypt,1000,10,1,14207938.169,14020661.5,765343.6561302375,13575367.0,25887068.0,47436.49126419191,14160501.677735807,14255374.660264192,14207.938169,14020.6615,214011.1848371328,0.14414477143970741,0.14607014084178552,70.38318917954463,2064
Xoodyak,pure-python,NIST-LWC finalist (Keccak team; closest structural rival),2048,encrypt,1000,10,1,14303748.174,14068341.0,984563.4288609466,13571850.0,22975914.0,61023.87354767271,14242724.300452327,14364772.047547674,14303.748174,14068.341,440407.4247249917,0.14317925449237567,0.14557508948638648,69.91174535760531,2064
Xoodyak,pure-python,NIST-LWC finalist (Keccak team; closest structural rival),4096,decrypt,1000,10,1,27660169.695,27386631.0,952868.6191075493,26634146.0,37858328.0,59059.4088866742,27601110.286113326,27719229.103886675,27660.169695,27386.631,307870.82518757234,0.14808296713886088,0.14956202535463378,36.153068149135954,4112
Xoodyak,pure-python,NIST-LWC finalist (Keccak team; closest structural rival),4096,encrypt,1000,10,1,27764265.081,27406161.5,1373080.684607109,26584708.0,43843987.0,85104.42254101859,27679160.65845898,27849369.50354102,27764.265081,27406.1615,475919.7812354375,0.1475277659268218,0.14945544271130418,36.01752097822798,4112
